id,transaction_id,product_id,quantity,price
1,1,15,2,122.64
2,1,17,1,144.94
3,1,11,1,180.04
4,1,19,1,110.17
5,2,18,1,190.52
6,2,7,2,67.74
7,2,4,1,80.6
8,2,3,1,96.37
9,3,6,2,29.5
10,3,6,3,55.94
11,4,3,2,75.15
12,4,19,3,149.34
13,5,20,2,199.22
14,5,8,2,47.09
15,5,15,3,176.03
16,5,20,2,174.46
17,5,4,3,92.47
18,6,5,1,20.99
19,6,5,1,35.47
20,6,19,2,164.41
21,7,2,1,36.9
22,7,21,3,193.84
23,7,19,3,176.22
24,7,2,1,60.7
25,8,4,3,74.05
26,9,17,3,131.44
27,10,16,2,125.07
28,10,20,1,170.57
29,10,17,2,178.54
30,10,15,1,144.71
31,11,1,1,55.15
32,11,5,1,62.87
33,11,8,1,36.29
34,11,11,1,172.54
35,11,14,1,160.35
36,12,21,1,186.49
37,12,16,1,145.08
38,12,13,2,115.41
39,12,6,1,87.74
40,13,11,1,102.06
41,13,4,1,85.91
42,14,11,3,38.79
43,14,12,3,120.99
44,14,16,1,114.33
45,14,10,1,118.8
46,15,20,2,109.22
47,16,18,2,116.6
48,16,13,3,113.89
49,17,3,3,27.55
50,17,21,3,114.66
51,18,2,2,34.79
52,18,1,1,25.07
53,18,4,3,49.2
54,18,14,1,102.69
55,18,4,1,69.57
56,19,11,2,110.52
57,19,2,3,61.81
58,19,17,3,150.85
59,20,12,1,188.98
60,20,7,3,55.53
61,20,2,2,70.44
62,21,17,1,169.3
63,21,3,2,22.53
64,21,13,1,108.3
65,21,14,2,155.99
66,22,17,1,116.61
67,22,7,3,57.88
68,22,20,3,168.41
69,22,20,1,152.62
70,23,2,3,89.66
71,23,16,3,175.29
72,23,1,2,45.69
73,23,7,3,78.97
74,23,4,3,84.53
75,24,1,2,51.33
76,25,21,2,189.69
77,25,17,2,126.94
78,25,5,3,63.86
79,25,4,2,71.57
80,25,1,2,32.43
81,26,11,2,102.04
82,26,19,1,132.61
83,27,12,2,194.14
84,27,20,3,102.4
85,27,3,2,85.49
86,28,17,2,191.63
87,28,8,2,44.11
88,28,1,3,56.16
89,29,13,1,107.2
90,29,12,2,157.1
91,29,3,1,35.32
92,29,18,3,122.88
93,29,4,1,68.88
94,30,19,3,109.56
95,30,8,1,41.11
96,30,17,1,93.83
97,30,17,2,95.06
98,31,5,3,48.51
99,31,5,1,75.75
100,31,15,3,194.86
101,31,11,1,191.5
102,31,2,1,92.76
103,32,16,2,131.72
104,33,9,3,44.78
105,33,15,3,187.0
106,33,17,2,127.89
107,33,9,2,111.17
108,34,19,2,95.38
109,34,16,3,189.1
110,35,13,2,134.92
111,36,2,1,82.01
112,36,11,3,189.19
113,36,20,2,102.04
114,37,11,1,97.21
115,37,14,2,149.81
116,38,5,1,58.34
117,38,8,2,71.39
118,39,9,2,107.81
119,39,10,1,186.79
120,39,14,1,163.95
121,40,11,3,110.74
122,40,18,3,163.6
123,40,6,3,63.25
124,41,15,2,144.32
125,41,12,2,147.67
126,42,5,1,42.8
127,42,4,1,69.78
128,42,16,2,122.48
129,42,5,3,85.63
130,43,19,2,182.35
131,43,8,2,72.88
132,43,4,2,83.43
133,44,11,1,131.2
134,45,4,2,69.75
135,45,14,2,141.22
136,46,16,2,169.59
137,46,7,2,26.3
138,47,2,3,80.92
139,47,9,2,194.64
140,48,7,1,70.08
141,48,11,2,98.32
142,48,5,1,65.11
143,49,15,2,133.55
144,50,10,3,170.36
145,50,10,3,69.09
146,50,19,1,104.73
147,50,10,1,172.14
148,50,3,1,52.36
149,51,3,1,36.22
150,52,18,2,130.8
151,52,12,1,195.77
152,52,9,2,168.79
153,52,2,1,69.68
154,53,2,3,89.66
155,53,19,2,115.38
156,53,20,1,116.69
157,53,3,2,83.76
158,53,6,3,87.83
159,54,12,1,142.21
160,54,13,3,132.1
161,55,8,2,43.23
162,55,3,2,62.88
163,55,19,3,108.03
164,56,9,2,157.61
165,57,6,3,97.04
166,58,6,3,62.25
167,58,18,1,179.82
168,58,18,3,171.59
169,59,15,3,110.91
170,59,10,1,186.68
171,59,2,3,54.3
172,59,4,1,93.06
173,59,11,1,151.69
174,60,18,2,142.68
175,60,10,3,34.45
176,60,7,3,59.57
177,60,21,2,152.7
178,61,2,1,20.5
179,61,3,3,56.02
180,62,12,2,110.2
181,63,20,1,118.91
182,63,12,2,165.2
183,64,21,2,180.02
184,64,11,2,105.78
185,64,1,3,94.44
186,64,1,2,28.47
187,64,15,2,150.28
188,65,17,2,178.91
189,65,11,1,88.09
190,65,17,1,119.19
191,66,20,3,186.05
192,66,1,2,55.52
193,67,7,3,26.06
194,67,3,3,60.27
195,67,1,3,70.36
196,67,9,3,37.21
197,67,5,3,82.42
198,68,16,2,174.59
199,68,17,2,131.75
200,69,10,1,126.88
201,69,7,1,61.13
202,69,10,1,150.79
203,70,2,1,50.13
204,71,7,2,25.26
205,71,7,1,28.99
206,71,8,1,93.34
207,72,17,3,151.85
208,73,6,1,81.56
209,73,5,3,37.82
210,74,11,1,106.19
211,75,19,2,115.44
212,76,10,1,104.67
213,76,20,2,105.48
214,76,19,1,161.28
215,77,1,3,82.68
216,78,13,1,107.9
217,79,19,2,130.43
218,79,13,2,166.57
219,79,7,3,98.35
220,80,2,1,50.9
221,80,9,2,39.61
222,80,16,1,192.09
223,81,12,3,155.39
224,81,9,2,96.24
225,81,3,2,55.45
226,81,19,3,117.45
227,81,6,1,90.05
228,82,18,1,138.88
229,82,11,3,71.67
230,82,12,2,196.42
231,83,12,2,101.75
232,84,15,1,161.99
233,84,14,2,171.62
234,85,9,2,146.38
235,85,16,1,112.49
236,85,7,1,45.14
237,86,4,1,44.5
238,86,12,3,108.47
239,86,1,3,98.65
240,86,20,3,162.05
241,86,15,1,125.97
242,87,19,1,166.68
243,88,12,3,141.19
244,88,1,3,20.91
245,89,5,1,48.39
246,89,11,3,122.31
247,89,21,2,102.07
248,89,2,2,72.27
249,90,4,3,43.57
250,91,19,2,189.13
251,91,2,2,68.6
252,91,4,2,43.62
253,91,16,1,140.09
254,92,1,2,62.18
255,92,2,2,71.63
256,92,20,3,190.1
257,92,11,3,120.77
258,93,4,1,51.1
259,93,1,3,26.17
260,93,9,2,136.77
261,94,6,3,42.91
262,94,10,2,35.31
263,95,20,2,153.31
264,95,1,2,67.3
265,95,21,1,164.34
266,96,8,1,22.39
267,97,17,1,148.53
268,98,21,1,172.36
269,98,10,2,66.15
270,98,13,2,97.61
271,98,7,3,70.36
272,98,15,2,112.25
273,99,19,3,172.96
274,99,3,1,35.34
275,99,2,2,98.09
276,99,17,2,141.98
277,100,10,2,50.57
278,100,10,3,159.92
279,100,4,1,32.41
280,101,5,3,81.46
281,101,3,1,76.93
282,101,17,1,162.08
283,102,11,3,118.32
284,103,21,1,158.6
285,103,11,3,119.36
286,104,11,1,137.24
287,104,15,2,139.58
288,104,4,2,41.8
289,104,10,3,128.66
290,105,3,2,99.3
291,106,3,2,45.57
292,106,12,2,108.98
293,107,12,2,104.63
294,107,18,2,101.8
295,107,8,1,54.38
296,107,2,2,54.5
297,108,10,3,78.16
298,109,19,1,168.58
299,109,17,1,180.14
300,109,2,1,44.34
301,110,3,3,72.02
302,110,20,1,131.72
303,111,4,3,63.52
304,111,13,2,184.33
305,111,12,2,164.43
306,111,8,2,31.86
307,112,6,1,74.13
308,112,13,2,126.0
309,112,15,1,104.82
310,112,17,1,158.33
311,112,4,1,80.13
312,113,4,1,98.09
313,113,10,3,167.37
314,113,21,2,126.48
315,113,20,2,102.16
316,113,4,3,69.24
317,114,19,3,190.5
318,114,1,3,73.61
319,114,20,3,177.93
320,114,12,1,118.66
321,114,17,1,143.79
322,115,12,2,150.43
323,115,8,2,76.54
324,115,2,1,28.47
325,115,1,1,89.3
326,115,2,1,86.38
327,116,6,2,64.33
328,116,4,3,40.64
329,116,5,1,82.78
330,116,1,2,90.76
331,116,16,2,187.79
332,117,5,3,56.09
333,118,5,1,83.88
334,118,14,2,198.86
335,118,20,2,107.19
336,118,17,1,120.16
337,118,7,2,21.83
338,119,10,3,119.55
339,119,10,3,107.75
340,119,2,2,63.35
341,119,18,1,176.23
342,120,4,2,74.15
343,120,3,1,47.88
344,120,14,2,135.22
345,120,19,3,130.88
346,121,19,3,148.53
347,121,3,2,19.41
348,122,13,3,188.52
349,123,19,2,197.48
350,123,20,2,108.72
351,123,16,1,177.51
352,123,2,3,82.84
353,123,21,1,109.45
354,124,18,3,145.98
355,124,12,3,161.9
356,124,9,3,191.42
357,125,8,1,75.44
358,125,18,2,144.0
359,125,9,1,122.45
360,125,12,3,143.45
361,125,20,3,115.76
362,126,15,2,185.57
363,126,11,3,152.95
364,126,21,2,180.27
365,126,7,2,83.19
366,127,15,2,191.51
367,127,16,3,179.1
368,127,4,2,44.58
369,127,15,3,169.3
370,127,18,1,121.06
371,128,7,1,34.77
372,128,9,3,140.53
373,128,3,2,58.2
374,128,3,3,81.06
375,129,15,1,150.72
376,129,8,3,80.28
377,129,7,2,56.38
378,129,6,2,92.47
379,129,7,2,21.77
380,130,1,3,40.46
381,130,7,1,77.06
382,130,18,3,163.4
383,130,1,1,46.18
384,131,15,1,125.75
385,131,19,1,142.41
386,131,11,1,85.94
387,131,8,3,75.86
388,131,15,1,169.03
389,132,10,1,88.73
390,132,6,2,70.64
391,132,11,3,103.34
392,132,4,1,86.35
393,132,10,3,54.64
394,133,3,3,84.01
395,133,7,2,89.13
396,133,12,2,119.03
397,133,16,1,122.0
398,133,15,3,148.85
399,134,6,1,34.65
400,134,5,1,56.75
401,134,4,1,94.78
402,135,21,3,127.92
403,136,2,1,35.73
404,136,11,1,122.76
405,136,11,1,74.82
406,136,19,2,169.31
407,137,20,1,128.85
408,138,8,1,47.11
409,139,7,2,94.87
410,139,11,2,145.79
411,139,9,3,85.4
412,139,9,1,65.71
413,140,14,1,194.36
414,140,1,1,82.01
415,140,16,1,140.62
416,140,21,3,109.76
417,141,21,1,126.66
418,141,11,3,142.52
419,141,5,2,82.46
420,141,11,1,69.16
421,142,21,3,125.92
422,142,19,3,104.51
423,142,5,2,67.06
424,142,8,1,26.92
425,143,19,2,163.52
426,143,11,1,92.66
427,143,3,3,86.37
428,143,6,2,47.17
429,144,4,3,77.96
430,144,20,1,192.2
431,144,6,3,81.12
432,144,20,2,174.91
433,144,1,3,63.94
434,145,14,3,126.84
435,145,16,3,188.32
436,145,12,2,160.83
437,145,2,3,66.49
438,145,1,2,41.66
439,146,20,3,165.56
440,146,12,1,118.97
441,146,21,2,168.33
442,146,17,2,162.6
443,146,2,1,60.97
444,147,4,1,55.0
445,147,15,1,166.33
446,147,7,3,80.34
447,147,4,3,53.93
448,148,13,1,181.5
449,148,8,3,84.43
450,148,20,3,156.28
451,148,20,3,113.21
452,149,1,3,82.57
453,149,4,2,83.82
454,149,6,3,30.22
455,149,15,3,106.52
456,149,20,2,107.77
457,150,12,2,135.14
458,150,9,1,95.65
459,151,1,3,36.31
460,151,20,3,197.28
461,152,21,1,153.44
462,152,10,1,199.5
463,153,3,2,38.92
464,153,3,3,27.83
465,153,16,3,155.02
466,154,2,2,45.9
467,155,16,1,168.58
468,155,11,2,113.87
469,155,2,2,31.57
470,156,17,2,139.2
471,157,13,1,176.22
472,157,11,2,31.3
473,158,17,1,179.32
474,158,3,2,99.01
475,159,7,2,36.26
476,159,4,1,50.38
477,159,3,2,75.8
478,159,7,2,66.22
479,160,20,1,110.94
480,160,21,2,147.81
481,161,18,2,136.36
482,161,16,3,105.64
483,161,12,1,166.21
484,161,19,2,198.28
485,162,16,2,122.31
486,162,5,3,59.61
487,162,8,1,81.76
488,162,2,2,26.56
489,162,1,1,74.77
490,163,12,1,173.24
491,163,14,1,145.03
492,163,3,1,36.65
493,163,2,1,97.45
494,164,4,1,29.95
495,164,10,1,139.83
496,164,11,2,180.12
497,165,1,2,22.69
498,165,11,1,55.74
499,165,14,3,109.2
500,165,8,3,47.76
501,166,8,1,53.32
502,167,21,1,110.43
503,167,5,1,99.43
504,167,8,2,62.29
505,168,10,2,31.44
506,169,6,1,97.65
507,169,6,1,59.49
508,169,20,3,162.41
509,169,2,1,65.26
510,170,10,1,75.58
511,170,6,3,78.06
512,171,16,2,101.77
513,172,12,1,189.16
514,172,1,2,26.06
515,173,9,1,122.53
516,173,21,3,199.7
517,174,19,1,194.75
518,174,17,1,174.39
519,174,12,2,184.9
520,174,12,2,195.82
521,175,14,1,106.48
522,176,21,1,163.5
523,176,16,2,188.06
524,176,9,1,164.16
525,176,19,3,130.82
526,176,8,1,72.2
527,177,6,3,36.48
528,177,21,3,125.49
529,177,18,1,108.26
530,177,20,1,121.35
531,178,21,3,185.81
532,178,20,2,118.62
533,178,9,1,59.24
534,178,7,2,21.17
535,179,7,2,87.02
536,179,15,2,139.57
537,179,10,1,164.68
538,180,3,1,35.46
539,180,16,1,195.67
540,180,1,2,52.04
541,180,4,2,27.82
542,180,17,3,110.52
543,181,14,1,176.84
544,182,21,1,134.28
545,183,13,2,128.96
546,183,4,1,30.82
547,184,9,2,115.38
548,185,1,2,88.25
549,185,18,3,182.76
550,185,17,3,146.87
551,186,11,1,185.48
552,187,13,1,199.23
553,187,4,3,86.94
554,188,2,1,96.43
555,189,6,1,99.96
556,189,5,1,18.55
557,189,2,2,47.37
558,189,10,3,58.72
559,190,17,3,176.25
560,190,7,2,28.09
561,190,11,3,129.38
562,190,19,3,121.71
563,191,16,3,108.7
564,191,16,2,166.71
565,191,20,2,166.06
566,191,4,1,83.61
567,191,2,2,25.77
568,192,21,3,161.18
569,192,12,1,147.29
570,192,16,1,150.65
571,192,20,2,166.46
572,193,12,2,134.02
573,193,10,3,74.67
574,193,1,2,49.61
575,193,6,3,51.89
576,193,15,3,169.78
577,194,14,2,153.07
578,194,1,3,29.82
579,194,17,1,107.3
580,194,3,3,66.69
581,195,14,1,108.88
582,195,5,3,41.06
583,195,15,1,130.8
584,195,7,1,26.23
585,196,16,2,167.86
586,196,17,1,170.42
587,196,7,1,81.37
588,196,16,3,109.5
589,196,2,2,32.07
590,197,10,2,173.73
591,197,6,3,29.13
592,198,6,3,28.56
593,198,15,2,146.38
594,198,20,3,139.96
595,198,6,1,59.08
596,199,13,1,148.73
597,199,12,2,155.69
598,199,21,2,140.93
599,200,3,3,85.14
600,200,9,1,172.18
601,201,11,3,35.81
602,202,12,3,181.44
603,203,6,1,72.59
604,203,21,2,192.02
605,203,5,3,30.24
606,203,6,1,92.89
607,203,15,2,188.59
608,204,21,1,111.78
609,204,1,1,47.9
610,204,7,2,87.06
611,204,5,3,21.85
612,205,20,2,140.32
613,205,10,2,114.89
614,205,12,2,161.34
615,205,21,2,97.91
616,205,15,1,135.01
617,206,5,3,60.3
618,206,5,2,70.43
619,206,12,1,190.81
620,207,7,3,72.07
621,207,3,1,71.93
622,208,12,1,168.93
623,209,7,1,22.43
624,209,18,3,129.93
625,209,9,3,188.47
626,210,12,3,101.19
627,210,17,1,194.72
628,211,21,2,190.92
629,211,13,2,169.39
630,211,3,3,57.1
631,212,7,1,90.94
632,213,5,3,61.86
633,213,7,3,43.6
634,213,15,1,175.96
635,213,15,2,130.35
636,214,18,2,195.8
637,214,16,2,166.63
638,215,9,3,118.76
639,215,20,2,117.52
640,216,1,2,44.15
641,216,20,1,185.67
642,217,18,2,131.19
643,218,11,2,85.74
644,218,3,2,45.06
645,218,15,2,188.82
646,219,17,2,173.16
647,220,20,2,183.29
648,220,17,2,131.85
649,220,10,3,82.87
650,220,11,1,193.38
651,221,17,3,135.01
652,221,8,1,38.46
653,222,5,2,32.45
654,223,10,2,71.56
655,223,20,2,127.36
656,223,19,1,145.64
657,223,19,3,145.11
658,224,16,1,104.35
659,224,6,2,53.48
660,225,11,3,164.09
661,225,6,1,53.58
662,225,10,1,34.98
663,225,3,1,46.61
664,226,17,3,155.57
665,226,9,2,69.28
666,226,6,1,20.9
667,227,1,2,46.29
668,227,8,2,82.86
669,227,4,3,76.24
670,227,2,2,45.91
671,227,14,1,185.93
672,228,3,2,57.03
673,228,21,3,179.37
674,229,1,3,34.09
675,229,7,1,63.39
676,229,1,1,91.12
677,229,4,3,26.12
678,230,21,2,149.97
679,230,11,2,145.47
680,230,20,1,184.87
681,231,14,2,154.9
682,231,7,1,40.93
683,232,2,2,73.83
684,232,6,3,41.03
685,232,15,3,198.26
686,233,13,3,158.02
687,233,1,1,72.54
688,233,20,2,104.71
689,233,8,3,25.57
690,234,20,1,194.48
691,234,13,2,187.02
692,234,7,2,95.52
693,234,17,2,123.1
694,235,8,3,93.93
695,235,14,2,122.93
696,235,8,2,72.21
697,235,2,3,25.21
698,235,1,3,80.96
699,236,12,3,182.39
700,236,8,1,39.53
701,236,21,2,133.38
702,236,5,2,26.43
703,237,16,1,130.59
704,238,6,3,72.71
705,238,12,2,129.51
706,238,19,1,137.53
707,238,12,2,137.91
708,238,10,2,152.88
709,239,20,1,145.24
710,239,5,1,82.0
711,239,3,2,74.21
712,240,2,3,56.26
713,240,21,3,143.08
714,240,20,1,142.18
715,240,14,1,184.07
716,241,3,3,96.6
717,242,17,2,143.6
718,243,2,2,84.22
719,243,13,3,177.79
720,243,20,2,182.55
721,243,2,2,80.9
722,243,4,1,83.29
723,244,7,3,75.42
724,244,4,3,71.49
725,244,18,1,184.22
726,245,14,2,187.89
727,245,11,1,126.33
728,245,7,3,55.85
729,245,2,2,45.2
730,246,10,3,47.05
731,246,18,2,130.81
732,246,10,1,38.22
733,246,19,1,114.45
734,246,2,2,50.0
735,247,9,1,169.39
736,247,21,3,192.22
737,247,20,1,157.41
738,248,13,1,117.13
739,249,16,1,104.21
740,249,12,2,151.28
741,249,9,1,164.79
742,249,5,2,56.05
743,249,6,2,90.14
744,250,10,2,61.92
745,250,21,3,146.29
746,250,8,2,95.06
747,250,4,1,69.69
748,251,7,1,49.93
749,251,17,3,183.19
750,251,17,1,121.04
751,251,5,1,66.17
752,251,20,1,168.62
753,252,17,3,175.68
754,252,13,3,149.78
755,252,20,1,197.67
756,252,13,3,167.29
757,252,15,1,103.47
758,253,9,2,103.43
759,253,17,2,165.4
760,253,21,2,174.54
761,253,2,1,76.82
762,254,6,2,69.63
763,254,14,3,172.78
764,254,14,1,189.65
765,255,13,3,155.06
766,256,1,1,68.03
767,257,15,1,196.94
768,257,5,2,43.11
769,257,17,3,129.79
770,258,19,2,181.52
771,258,16,2,133.43
772,259,8,2,56.4
773,259,7,3,53.27
774,259,14,3,139.77
775,259,9,1,99.97
776,259,14,2,191.66
777,260,6,1,85.53
778,260,14,3,133.58
779,260,1,1,61.36
780,261,4,1,91.4
781,261,10,1,99.96
782,261,6,1,50.81
783,261,5,3,53.18
784,262,18,3,154.28
785,262,11,1,127.51
786,263,20,3,178.14
787,264,12,2,119.45
788,264,12,2,140.44
789,264,3,3,43.44
790,264,14,3,106.95
791,265,9,1,51.56
792,265,21,3,148.69
793,265,20,2,167.7
794,265,6,3,45.38
795,266,20,1,120.96
796,266,10,2,141.89
797,266,5,2,33.17
798,266,15,3,136.33
799,266,14,1,117.74
800,267,12,3,164.92
801,267,11,3,173.73
802,267,21,3,118.16
803,267,13,3,184.87
804,267,8,1,50.02
805,268,3,2,64.88
806,269,15,1,108.1
807,270,10,3,128.84
808,270,9,3,176.68
809,271,19,2,162.19
810,271,6,3,24.34
811,271,21,2,106.68
812,271,2,3,98.64
813,272,17,2,141.87
814,272,4,3,47.22
815,272,14,3,187.43
816,273,10,2,47.24
817,273,11,3,108.13
818,273,9,1,113.24
819,273,4,3,84.32
820,274,1,2,46.08
821,274,15,3,126.55
822,275,2,1,37.21
823,275,6,3,30.58
824,276,18,1,134.41
825,276,18,3,131.89
826,276,7,1,27.77
827,276,17,1,110.16
828,277,19,3,193.16
829,277,5,2,55.66
830,277,1,2,67.75
831,277,9,3,178.39
832,277,18,3,113.11
833,278,9,1,124.63
834,278,9,1,30.89
835,278,21,3,137.64
836,278,12,3,148.72
837,279,3,3,47.46
838,280,18,2,121.47
839,280,18,2,166.1
840,280,18,3,185.0
841,280,18,3,111.94
842,280,1,1,58.4
843,281,16,3,111.73
844,282,8,3,40.87
845,282,12,1,134.16
846,282,18,1,184.65
847,283,8,1,31.94
848,283,13,3,154.33
849,283,17,1,120.14
850,283,14,3,106.98
851,284,3,3,55.74
852,284,17,1,191.41
853,285,8,3,28.55
854,285,3,3,94.83
855,286,5,1,81.17
856,287,8,3,60.67
857,287,17,3,155.45
858,288,14,1,108.88
859,289,6,2,42.72
860,290,20,1,175.78
861,290,17,1,102.88
862,290,1,1,59.38
863,291,7,3,71.89
864,291,9,3,110.84
865,291,17,3,134.01
866,292,10,3,99.17
867,293,2,3,42.92
868,293,16,3,135.13
869,293,10,1,49.33
870,293,18,1,135.1
871,293,5,1,22.46
872,294,17,1,192.03
873,294,9,1,43.82
874,294,10,3,142.87
875,294,14,2,154.57
876,294,3,1,88.0
877,295,14,3,157.48
878,295,5,3,43.1
879,295,6,1,73.11
880,295,17,2,146.17
881,296,1,2,76.4
882,296,7,2,69.99
883,296,9,3,107.25
884,296,15,1,116.65
885,297,4,1,83.47
886,297,18,1,133.45
887,297,11,3,136.64
888,297,18,3,112.86
889,297,7,2,73.81
890,298,21,1,134.16
891,299,3,2,64.94
892,299,11,3,66.17
893,299,8,2,30.38
894,300,5,1,40.02
895,300,14,1,106.46
896,300,3,1,88.37
897,301,9,1,33.66
898,301,17,3,106.45
899,302,9,1,78.53
900,302,11,1,149.6
901,302,21,1,169.78
902,302,10,3,134.96
903,303,10,2,101.91
904,303,5,3,20.97
905,304,10,1,99.15
906,304,14,2,159.38
907,304,7,3,38.29
908,305,6,3,49.2
909,306,3,2,72.03
910,306,10,1,80.41
911,307,16,1,127.75
912,307,14,2,102.19
913,308,8,1,21.67
914,308,12,1,160.21
915,308,16,3,156.85
916,308,2,1,61.88
917,309,17,3,107.83
918,309,18,1,127.68
919,310,15,3,176.1
920,310,3,2,26.43
921,311,8,1,50.76
922,311,18,1,154.22
923,311,20,1,120.59
924,311,5,2,60.95
925,311,14,3,118.08
926,312,2,3,76.31
927,312,15,3,148.1
928,312,5,1,73.9
929,312,16,1,192.83
930,312,5,2,38.3
931,313,7,2,70.33
932,313,10,1,172.77
933,314,7,2,71.7
934,314,7,2,69.82
935,315,18,3,187.01
936,315,11,3,151.47
937,315,17,2,159.62
938,315,6,2,57.29
939,316,5,3,86.5
940,317,11,3,96.01
941,317,3,2,35.1
942,317,12,3,112.24
943,317,9,1,64.21
944,318,9,3,114.22
945,319,14,1,100.84
946,319,1,1,33.73
947,319,19,1,138.47
948,319,14,1,152.96
949,320,4,3,89.67
950,320,19,1,163.42
951,320,10,2,61.55
952,320,12,1,146.36
953,320,19,3,184.13
954,321,10,1,113.0
955,321,8,2,73.22
956,321,6,1,72.67
957,321,17,1,136.88
958,321,11,3,150.11
959,322,7,3,98.09
960,323,18,3,162.28
961,323,4,2,95.32
962,323,3,3,58.22
963,324,19,2,158.79
964,324,15,3,103.86
965,324,11,3,32.41
966,324,17,1,150.77
967,325,9,2,51.88
968,325,13,2,96.37
969,325,21,3,163.27
970,326,9,1,95.48
971,326,20,1,116.11
972,327,9,2,188.79
973,327,6,2,35.25
974,327,7,3,76.47
975,328,8,1,50.27
976,328,14,1,137.59
977,328,11,3,53.24
978,328,7,1,99.07
979,329,6,2,37.99
980,329,1,1,75.1
981,330,21,2,106.16
982,330,21,2,177.88
983,330,4,2,21.99
984,330,18,2,123.98
985,331,15,2,189.39
986,332,13,2,149.35
987,332,1,3,88.66
988,332,15,3,109.91
989,332,16,1,193.63
990,332,19,1,142.63
991,333,15,2,187.71
992,333,1,2,70.36
993,333,21,3,168.94
994,333,8,1,98.51
995,334,7,3,59.75
996,334,12,1,118.85
997,334,13,1,171.74
998,334,1,2,82.52
999,335,20,1,119.43
1000,335,15,2,116.35
1001,335,16,3,143.82
1002,336,20,1,107.78
1003,336,7,2,73.16
1004,336,14,1,134.84
1005,336,3,3,57.37
1006,337,8,1,49.34
1007,337,19,2,189.31
1008,338,4,3,82.98
1009,338,4,1,43.16
1010,338,17,2,172.26
1011,338,1,1,49.16
1012,338,17,1,119.37
1013,339,16,1,184.26
1014,340,10,1,64.48
1015,340,15,2,179.35
1016,340,2,3,55.38
1017,340,11,1,132.0
1018,340,5,3,90.71
1019,341,10,3,183.1
1020,341,8,2,49.73
1021,341,16,2,172.64
1022,341,19,2,173.49
1023,342,21,3,169.33
1024,343,12,1,170.45
1025,344,3,2,64.56
1026,344,20,2,100.27
1027,344,11,2,99.26
1028,344,13,1,167.59
1029,344,17,3,113.33
1030,345,15,2,158.24
1031,346,11,1,71.6
1032,346,11,1,190.95
1033,347,6,2,34.92
1034,347,1,2,85.45
1035,347,21,2,116.26
1036,347,13,3,156.37
1037,348,20,2,182.15
1038,349,6,1,62.82
1039,349,20,1,101.59
1040,349,2,3,58.12
1041,349,2,3,55.11
1042,349,17,3,154.69
1043,350,17,1,135.74
1044,350,19,1,108.23
1045,350,9,1,35.94
1046,350,17,3,157.26
1047,351,16,2,126.04
1048,351,8,3,50.33
1049,352,21,1,101.79
1050,352,17,3,193.45
1051,352,11,3,113.7
1052,353,13,2,126.1
1053,354,1,2,71.54
1054,354,19,1,110.17
1055,354,20,2,108.2
1056,354,18,2,192.99
1057,355,11,2,130.84
1058,355,9,3,198.07
1059,355,12,3,117.24
1060,355,17,2,151.45
1061,355,9,1,91.54
1062,356,16,2,148.81
1063,356,21,2,109.66
1064,356,15,1,192.26
1065,356,16,1,113.6
1066,356,16,3,158.05
1067,357,9,1,112.43
1068,357,11,2,116.84
1069,357,7,2,52.43
1070,357,5,1,59.35
1071,358,4,1,61.8
1072,358,2,1,50.78
1073,359,7,3,38.94
1074,359,5,1,22.01
1075,360,8,2,92.64
1076,360,12,2,108.07
1077,360,10,2,76.53
1078,361,16,1,167.01
1079,361,21,1,117.88
1080,361,20,3,192.43
1081,361,7,2,70.42
1082,361,20,2,123.23
1083,362,17,2,127.56
1084,362,13,3,110.43
1085,362,16,1,131.75
1086,362,9,1,116.12
1087,362,17,1,177.69
1088,363,13,1,120.87
1089,363,14,3,174.51
1090,363,7,3,39.89
1091,363,4,1,59.26
1092,364,3,3,44.41
1093,365,6,1,65.72
1094,365,7,2,84.56
1095,366,18,1,101.39
1096,367,19,2,168.15
1097,367,9,3,38.02
1098,367,2,1,20.72
1099,367,20,1,101.19
1100,367,13,3,155.7
1101,368,9,3,73.18
1102,368,8,3,65.64
1103,368,11,2,140.3
1104,368,20,2,190.12
1105,368,4,2,53.31
1106,369,2,3,89.66
1107,369,9,3,119.59
1108,369,4,2,81.31
1109,370,4,1,57.59
1110,371,13,3,105.59
1111,371,11,2,110.45
1112,371,20,1,135.33
1113,372,6,1,43.7
1114,372,12,1,172.04
1115,372,20,3,126.61
1116,373,3,1,87.3
1117,373,17,2,91.16
1118,373,19,1,157.33
1119,373,2,1,39.14
1120,373,3,2,64.99
1121,374,19,1,171.64
1122,374,8,2,49.75
1123,374,11,2,154.43
1124,375,15,3,129.03
1125,375,19,3,123.35
1126,375,13,3,114.03
1127,376,8,3,95.91
1128,376,13,2,148.71
1129,376,2,2,45.75
1130,376,19,1,118.12
1131,377,9,2,70.14
1132,377,1,2,52.61
1133,377,5,2,46.56
1134,377,19,3,103.29
1135,378,4,3,24.36
1136,379,16,1,107.66
1137,379,2,1,54.59
1138,379,13,3,195.15
1139,380,1,3,30.8
1140,381,10,2,48.28
1141,381,16,1,178.99
1142,381,17,2,106.45
1143,381,2,3,66.17
1144,381,18,3,123.43
1145,382,8,3,36.12
1146,382,16,2,134.94
1147,383,5,1,35.19
1148,383,13,1,103.16
1149,383,11,1,119.97
1150,384,2,3,77.15
1151,384,13,1,128.64
1152,384,16,1,145.86
1153,384,13,1,154.89
1154,384,16,2,154.9
1155,385,19,2,160.62
1156,385,5,1,63.87
1157,385,18,1,153.43
1158,386,16,1,106.47
1159,387,5,3,50.82
1160,387,2,2,90.03
1161,387,12,3,176.64
1162,387,7,1,63.79
1163,388,19,1,177.44
1164,388,5,2,77.9
1165,388,16,1,136.82
1166,388,1,1,49.36
1167,388,14,3,110.12
1168,389,14,3,109.57
1169,389,6,3,51.35
1170,390,2,1,64.19
1171,391,8,1,83.8
1172,391,13,1,143.69
1173,392,10,2,114.42
1174,393,4,3,21.28
1175,393,19,1,138.36
1176,393,12,3,105.28
1177,393,17,3,160.11
1178,393,14,1,118.36
1179,394,19,1,100.03
1180,394,18,2,160.57
1181,394,7,1,29.63
1182,394,10,3,119.1
1183,395,7,2,76.23
1184,395,20,2,100.58
1185,395,6,2,79.46
1186,396,12,1,195.13
1187,396,10,2,160.52
1188,396,15,2,183.96
1189,396,2,1,94.62
1190,397,4,2,93.52
1191,397,20,1,163.38
1192,397,9,3,34.21
1193,397,1,1,26.53
1194,397,17,1,164.03
1195,398,2,2,54.86
1196,398,1,2,67.76
1197,399,17,1,121.73
1198,399,18,3,131.69
1199,399,19,1,182.1
1200,400,1,2,59.52
1201,400,13,2,168.18
1202,401,19,3,126.64
1203,401,8,3,65.83
1204,401,14,2,169.75
1205,402,9,1,100.17
1206,403,17,1,179.59
1207,403,21,3,166.85
1208,404,1,2,65.27
1209,404,14,2,160.81
1210,404,2,2,69.83
1211,405,21,3,169.58
1212,405,15,2,123.87
1213,405,12,1,127.11
1214,405,9,1,191.9
1215,405,6,1,82.21
1216,406,9,2,195.68
1217,406,16,3,122.09
1218,407,4,1,89.95
1219,407,6,1,44.26
1220,407,19,1,140.3
1221,407,3,2,28.03
1222,407,17,2,156.05
1223,408,10,3,199.86
1224,408,10,2,160.58
1225,408,18,1,148.03
1226,409,2,3,26.4
1227,409,1,3,77.38
1228,409,14,2,108.14
1229,409,7,3,27.75
1230,410,14,3,155.64
1231,410,16,2,199.25
1232,410,2,1,64.64
1233,410,19,1,185.18
1234,411,21,2,101.64
1235,411,12,2,132.91
1236,412,21,3,162.84
1237,412,4,2,29.82
1238,412,7,2,81.08
1239,412,13,2,145.78
1240,413,19,3,136.93
1241,414,8,1,57.11
1242,414,13,3,130.58
1243,414,1,2,90.01
1244,414,16,1,198.89
1245,414,7,1,83.14
1246,415,2,3,82.12
1247,415,8,3,84.37
1248,415,9,1,166.9
1249,416,16,2,135.52
1250,416,1,1,28.49
1251,416,6,2,92.13
1252,416,8,1,49.92
1253,416,8,2,62.93
1254,417,16,1,117.92
1255,417,19,1,163.26
1256,417,18,1,165.88
1257,417,13,3,188.64
1258,417,8,2,34.91
1259,418,8,2,27.83
1260,418,6,1,91.59
1261,418,18,1,109.8
1262,418,1,3,32.33
1263,418,20,1,110.57
1264,419,11,2,41.64
1265,419,11,3,42.29
1266,419,5,2,27.5
1267,420,9,2,116.68
1268,420,12,2,128.27
1269,420,19,3,156.92
1270,421,2,1,37.86
1271,421,17,1,132.18
1272,421,14,2,179.91
1273,421,1,1,76.48
1274,421,20,1,129.04
1275,422,20,1,114.88
1276,422,14,2,181.05
1277,422,4,2,24.59
1278,422,9,3,133.05
1279,423,2,1,59.88
1280,423,5,1,70.58
1281,423,7,1,73.95
1282,423,3,3,82.15
1283,423,4,1,86.75
1284,424,16,3,115.24
1285,424,18,2,182.5
1286,425,19,3,124.77
1287,426,16,2,99.44
1288,426,9,2,90.23
1289,427,16,3,121.04
1290,427,8,1,47.17
1291,427,18,2,154.51
1292,427,9,2,125.71
1293,428,10,1,34.11
1294,428,11,3,123.78
1295,428,9,3,162.5
1296,428,16,3,148.31
1297,429,4,3,40.26
1298,429,10,3,89.57
1299,430,10,1,136.92
1300,430,3,3,58.88
1301,430,12,1,120.93
1302,431,13,3,108.67
1303,431,5,3,50.04
1304,431,20,3,104.55
1305,432,18,3,164.99
1306,432,10,3,96.83
1307,432,16,3,116.76
1308,432,15,3,141.46
1309,433,19,3,129.22
1310,433,20,2,172.23
1311,433,14,1,177.57
1312,433,2,2,43.17
1313,434,9,3,39.75
1314,434,20,2,114.41
1315,434,12,3,121.93
1316,434,1,1,48.85
1317,434,11,2,158.0
1318,435,16,2,183.27
1319,435,5,3,41.4
1320,435,2,1,55.36
1321,435,3,1,38.59
1322,435,3,3,26.8
1323,436,20,1,191.95
1324,436,13,2,124.85
1325,437,20,3,138.7
1326,437,10,2,56.44
1327,437,3,1,54.89
1328,437,17,3,195.35
1329,437,1,1,49.9
1330,438,6,1,72.01
1331,438,14,3,158.68
1332,438,13,3,150.01
1333,438,4,3,41.29
1334,438,8,1,82.44
1335,439,11,1,85.74
1336,439,12,1,168.83
1337,440,10,2,150.7
1338,441,14,2,144.49
1339,441,17,1,113.82
1340,442,6,3,99.52
1341,442,19,3,118.99
1342,443,8,2,48.44
1343,443,7,1,31.29
1344,443,1,1,75.42
1345,443,9,3,76.16
1346,444,16,3,112.41
1347,444,9,2,64.2
1348,444,20,2,159.28
1349,444,19,2,117.07
1350,445,12,2,156.16
1351,445,16,2,157.25
1352,446,5,2,97.48
1353,446,5,2,95.55
1354,446,15,3,142.96
1355,446,1,2,68.8
1356,447,10,1,194.7
1357,447,20,2,127.96
1358,447,7,1,82.45
1359,447,7,2,68.06
1360,447,14,1,126.55
1361,448,10,1,129.7
1362,448,3,3,63.77
1363,448,7,3,60.39
1364,448,11,2,98.62
1365,449,2,2,27.16
1366,449,18,2,116.6
1367,449,20,3,180.54
1368,450,17,1,101.32
1369,450,15,1,98.82
1370,451,11,3,142.25
1371,451,5,2,68.58
1372,451,15,1,157.87
1373,451,2,1,87.98
1374,451,13,3,142.82
1375,452,9,1,179.15
1376,453,6,2,36.48
1377,453,2,2,51.35
1378,454,10,1,33.09
1379,454,11,2,76.79
1380,454,12,1,141.9
1381,454,7,3,90.19
1382,455,5,3,62.53
1383,455,15,1,168.97
1384,455,20,3,171.1
1385,455,17,1,105.5
1386,456,10,3,120.35
1387,456,20,3,135.56
1388,456,21,1,181.06
1389,456,1,1,36.57
1390,456,6,2,38.39
1391,457,7,3,42.59
1392,457,3,2,59.75
1393,458,9,2,97.56
1394,459,3,3,44.09
1395,459,10,1,161.17
1396,459,13,2,121.15
1397,459,5,3,74.69
1398,459,2,2,65.17
1399,460,7,2,34.7
1400,461,16,3,172.3
1401,461,12,1,114.02
1402,461,8,2,59.34
1403,462,3,3,55.96
1404,462,8,2,65.24
1405,462,7,1,47.01
1406,462,16,3,150.33
1407,463,15,3,130.18
1408,463,21,3,121.45
1409,463,15,2,134.99
1410,463,17,2,130.95
1411,463,21,2,176.68
1412,464,3,3,69.83
1413,464,14,2,164.23
1414,465,18,1,139.51
1415,465,9,3,176.94
1416,466,1,3,79.86
1417,466,10,2,96.35
1418,467,15,2,101.94
1419,467,13,3,105.88
1420,467,7,2,50.26
1421,467,15,3,173.97
1422,468,5,2,27.55
1423,469,13,1,105.23
1424,469,15,1,195.34
1425,469,7,2,80.86
1426,470,6,3,51.54
1427,471,21,1,122.66
1428,471,20,3,113.22
1429,471,8,3,50.03
1430,471,16,2,141.35
1431,471,2,3,28.2
1432,472,17,2,115.54
1433,472,17,2,114.34
1434,472,20,3,163.64
1435,472,3,1,23.66
1436,473,1,1,38.49
1437,473,9,1,167.33
1438,473,20,1,182.2
1439,474,1,3,36.17
1440,474,21,2,179.51
1441,475,16,3,186.24
1442,475,2,2,40.48
1443,475,18,1,149.73
1444,476,15,3,191.3
1445,476,18,2,171.93
1446,476,2,1,29.41
1447,476,3,3,84.2
1448,476,15,3,101.74
1449,477,16,3,121.09
1450,477,9,2,59.29
1451,477,13,2,102.87
1452,477,6,1,63.48
1453,477,7,1,31.55
1454,478,2,3,51.3
1455,478,9,3,93.61
1456,478,8,3,97.2
1457,478,12,3,149.15
1458,478,18,3,113.38
1459,479,14,1,166.45
1460,479,21,1,177.9
1461,479,14,2,158.73
1462,479,6,2,35.38
1463,479,13,2,131.72
1464,480,21,2,143.84
1465,480,12,2,191.91
1466,480,11,1,178.72
1467,481,14,2,184.61
1468,481,15,2,174.36
1469,482,8,2,22.13
1470,482,18,1,107.01
1471,482,3,2,82.78
1472,482,17,3,135.53
1473,482,16,1,126.82
1474,483,17,1,131.78
1475,483,11,3,61.58
1476,484,3,3,98.45
1477,484,16,1,172.25
1478,484,2,1,49.43
1479,485,9,3,188.92
1480,485,18,2,149.66
1481,485,11,2,93.29
1482,485,14,1,169.94
1483,485,12,3,191.2
1484,486,9,3,102.23
1485,486,17,3,119.54
1486,486,5,1,28.57
1487,487,11,2,106.21
1488,487,3,3,84.27
1489,487,13,1,187.48
1490,488,19,2,155.73
1491,488,20,3,114.2
1492,488,6,2,76.57
1493,488,9,1,78.32
1494,489,7,3,94.96
1495,489,2,1,21.59
1496,490,21,1,111.88
1497,490,13,2,177.26
1498,490,4,2,56.25
1499,490,19,2,157.14
1500,490,9,3,137.74
1501,491,19,3,130.86
1502,491,9,2,180.93
1503,491,11,3,94.22
1504,491,19,3,107.04
1505,491,3,2,75.92
1506,492,19,3,158.5
1507,493,19,1,178.9
1508,493,3,2,94.58
1509,493,20,1,191.89
1510,493,9,1,113.27
1511,494,13,2,174.08
1512,494,17,1,164.92
1513,494,10,1,33.31
1514,495,13,3,103.39
1515,495,5,2,67.69
1516,495,17,2,139.05
1517,496,16,1,110.13
1518,496,12,2,101.04
1519,496,8,3,69.34
1520,497,12,2,128.1
1521,497,20,3,173.66
1522,498,9,3,123.86
1523,498,15,1,120.2
1524,499,5,1,63.51
1525,499,13,3,110.08
1526,499,14,3,189.98
1527,500,2,3,85.35
1528,500,16,1,154.97
1529,500,11,1,74.52
1530,501,21,2,177.95
1531,501,4,3,58.56
1532,501,21,1,105.11
1533,501,4,1,55.37
1534,502,17,1,123.18
1535,502,14,3,189.48
1536,502,8,2,20.58
1537,502,4,1,90.7
1538,503,15,3,189.33
1539,504,18,3,188.48
1540,505,6,1,31.76
1541,505,2,2,97.46
1542,505,11,1,190.58
1543,505,15,1,167.58
1544,505,4,3,67.99
1545,506,4,2,36.21
1546,506,14,2,113.78
1547,506,5,3,73.35
1548,506,15,1,161.72
1549,506,20,3,116.69
1550,507,14,3,115.59
1551,508,12,3,138.36
1552,508,11,3,151.31
1553,508,11,1,97.61
1554,508,6,2,56.78
1555,508,21,3,181.22
1556,509,6,3,25.19
1557,509,21,1,103.14
1558,509,21,3,111.85
1559,509,1,1,36.01
1560,509,8,2,46.86
1561,510,19,1,168.03
1562,510,10,1,177.03
1563,510,6,3,62.72
1564,510,2,1,22.53
1565,510,19,2,140.2
1566,511,1,2,94.63
1567,511,12,2,132.13
1568,511,17,2,158.99
1569,512,13,1,159.58
1570,512,6,1,30.3
1571,512,1,1,25.8
1572,512,6,2,69.12
1573,512,2,3,41.66
1574,513,3,2,22.68
1575,513,3,1,74.49
1576,514,15,2,107.8
1577,514,9,3,152.77
1578,514,2,3,40.43
1579,515,3,3,22.17
1580,515,2,2,51.65
1581,515,4,1,40.55
1582,516,2,1,75.19
1583,516,1,2,93.69
1584,516,11,2,86.24
1585,516,19,3,111.6
1586,517,21,2,131.46
1587,517,15,2,118.39
1588,517,14,1,132.01
1589,517,1,3,25.03
1590,517,21,2,199.24
1591,518,14,2,163.94
1592,518,12,1,172.86
1593,518,15,2,106.24
1594,519,12,2,127.84
1595,520,8,3,42.32
1596,521,19,2,142.59
1597,521,16,1,122.09
1598,521,21,3,174.83
1599,521,18,3,168.95
1600,521,1,3,67.12
1601,522,7,1,52.32
1602,522,21,3,101.11
1603,522,17,3,123.64
1604,523,14,3,135.35
1605,523,1,2,39.42
1606,523,9,2,167.36
1607,524,5,2,27.78
1608,524,3,1,24.5
1609,525,4,3,29.97
1610,525,16,3,159.28
1611,525,12,3,109.29
1612,525,11,1,79.13
1613,526,9,2,102.46
1614,526,3,2,52.51
1615,527,1,3,70.64
1616,527,1,3,86.21
1617,527,9,2,146.11
1618,528,17,1,167.85
1619,528,15,3,195.66
1620,529,19,1,164.58
1621,529,10,3,196.77
1622,529,11,3,105.39
1623,529,3,2,66.27
1624,529,9,1,150.3
1625,530,11,3,56.98
1626,530,11,3,114.5
1627,531,5,3,83.76
1628,531,14,2,101.33
1629,532,5,2,33.14
1630,532,13,1,172.54
1631,532,13,1,110.66
1632,533,8,2,80.99
1633,534,5,3,60.57
1634,534,10,1,41.63
1635,534,15,2,125.84
1636,535,21,1,190.66
1637,535,10,1,180.62
1638,535,18,2,159.84
1639,535,12,2,189.9
1640,535,9,2,85.68
1641,536,3,3,75.65
1642,536,21,2,168.26
1643,537,18,3,163.94
1644,537,12,1,146.85
1645,537,13,1,128.93
1646,537,1,1,87.8
1647,537,8,2,27.19
1648,538,11,1,42.42
1649,539,4,1,98.41
1650,539,1,2,25.06
1651,539,1,3,43.34
1652,540,14,2,107.66
1653,540,4,3,64.73
1654,540,17,1,164.21
1655,540,12,2,118.71
1656,541,3,2,66.92
1657,541,5,3,27.67
1658,541,20,1,150.29
1659,541,2,2,70.01
1660,541,16,1,147.19
1661,542,17,3,151.93
1662,543,15,2,138.7
1663,543,15,1,126.02
1664,544,10,1,76.27
1665,544,17,3,142.22
1666,544,1,2,79.88
1667,545,16,2,143.92
1668,545,18,1,127.4
1669,546,12,3,173.07
1670,546,8,2,65.67
1671,546,7,3,34.94
1672,547,20,3,117.81
1673,547,14,3,191.04
1674,547,20,1,106.67
1675,547,1,3,40.98
1676,547,12,2,186.14
1677,548,11,2,148.58
1678,549,14,1,119.74
1679,549,10,3,69.77
1680,549,19,1,107.36
1681,549,14,2,181.04
1682,550,3,3,25.43
1683,550,9,1,100.11
1684,550,19,3,182.95
1685,550,21,1,139.38
1686,551,4,1,78.59
1687,551,11,3,154.66
1688,551,16,1,112.53
1689,551,14,2,139.68
1690,552,15,2,156.07
1691,553,21,1,112.78
1692,553,6,1,99.36
1693,553,21,1,188.94
1694,553,19,1,117.21
1695,553,12,2,170.31
1696,554,2,3,79.23
1697,554,3,1,42.84
1698,554,9,2,94.75
1699,555,5,3,41.12
1700,555,20,1,183.51
1701,556,7,1,41.45
1702,556,14,1,178.84
1703,557,11,2,127.5
1704,558,4,1,48.62
1705,558,19,1,167.11
1706,558,4,3,71.79
1707,558,6,2,43.61
1708,559,18,2,151.48
1709,559,8,3,79.27
1710,559,8,1,84.31
1711,559,21,2,118.93
1712,559,3,2,83.61
1713,560,16,2,179.93
1714,560,20,1,124.92
1715,560,19,2,116.11
1716,560,15,1,153.54
1717,560,14,3,191.99
1718,561,17,2,109.42
1719,561,18,2,181.26
1720,561,18,2,163.69
1721,562,4,2,86.13
1722,563,17,2,176.33
1723,563,17,3,176.97
1724,563,4,3,20.47
1725,563,20,1,159.26
1726,564,19,1,140.0
1727,565,14,3,174.71
1728,566,4,1,22.17
1729,566,13,1,183.38
1730,566,4,3,84.25
1731,566,4,1,33.86
1732,566,11,3,167.13
1733,567,14,2,188.29
1734,567,13,1,122.89
1735,567,12,1,105.72
1736,567,4,2,27.1
1737,567,7,2,36.03
1738,568,12,3,169.13
1739,568,21,2,144.09
1740,569,14,3,107.49
1741,569,6,1,66.87
1742,569,1,2,63.98
1743,569,20,2,113.83
1744,569,5,1,29.6
1745,570,18,1,167.74
1746,570,15,1,175.08
1747,571,17,2,159.36
1748,571,3,1,21.36
1749,571,14,2,199.22
1750,571,16,2,196.07
1751,571,5,2,37.05
1752,572,10,3,90.56
1753,573,3,1,25.9
1754,573,10,1,129.67
1755,573,21,3,102.47
1756,573,4,1,55.83
1757,574,3,3,46.46
1758,575,11,3,147.2
1759,575,12,1,171.85
1760,575,8,1,56.76
1761,575,19,1,146.45
1762,575,11,1,47.46
1763,576,1,2,68.76
1764,576,17,2,143.49
1765,576,21,1,186.49
1766,577,18,2,168.44
1767,577,8,1,20.05
1768,578,19,3,164.21
1769,578,14,3,103.89
1770,579,16,3,126.81
1771,580,10,1,169.42
1772,581,4,3,44.55
1773,581,9,2,174.87
1774,581,7,2,56.03
1775,581,12,3,186.55
1776,582,19,1,193.54
1777,583,19,3,121.48
1778,584,1,3,42.88
1779,584,16,1,161.48
1780,584,21,3,150.11
1781,585,8,3,96.32
1782,586,3,2,72.46
1783,586,11,3,54.66
1784,586,16,1,125.59
1785,586,19,2,115.81
1786,587,17,3,165.13
1787,587,21,3,141.29
1788,588,19,3,157.16
1789,588,13,2,100.14
1790,588,20,1,158.46
1791,588,18,1,174.17
1792,589,15,2,104.94
1793,589,12,1,100.84
1794,589,19,2,165.35
1795,589,10,2,184.14
1796,590,14,3,149.62
1797,590,5,3,43.21
1798,590,3,3,33.96
1799,590,14,1,190.14
1800,590,2,3,74.67
1801,591,14,1,111.87
1802,591,6,1,69.86
1803,591,12,2,134.78
1804,591,14,3,105.38
1805,591,12,1,124.09
1806,592,14,3,117.92
1807,592,20,2,144.63
1808,592,11,1,40.84
1809,592,19,1,172.81
1810,593,13,1,149.4
1811,594,8,1,45.7
1812,595,3,1,61.01
1813,596,11,2,70.24
1814,596,9,1,135.15
1815,596,12,3,181.12
1816,596,21,2,110.49
1817,597,12,3,136.13
1818,597,10,3,105.09
1819,598,9,2,185.67
1820,598,13,3,199.82
1821,598,20,3,153.28
1822,598,2,1,41.41
1823,598,13,1,158.34
1824,599,4,2,66.89
1825,599,16,3,198.64
1826,600,9,2,100.35
1827,600,15,1,143.7
1828,600,6,2,47.87
1829,601,18,1,148.93
1830,602,5,2,91.41
1831,602,21,3,173.2
1832,602,19,2,174.04
1833,603,4,2,94.95
1834,604,2,1,68.91
1835,605,17,3,117.17
1836,605,12,2,108.9
1837,606,11,1,92.91
1838,606,14,2,169.32
1839,606,10,1,152.08
1840,606,15,1,105.13
1841,606,2,2,64.46
1842,607,1,2,50.4
1843,608,8,3,82.51
1844,608,7,1,92.27
1845,608,16,3,127.43
1846,608,1,3,30.77
1847,608,7,2,52.9
1848,609,17,3,130.82
1849,609,17,3,139.83
1850,610,14,1,131.4
1851,610,21,2,138.47
1852,610,14,3,158.29
1853,610,13,2,158.68
1854,611,19,3,182.83
1855,611,21,2,193.65
1856,612,10,2,41.6
1857,613,18,2,162.16
1858,613,10,2,84.81
1859,613,21,3,154.45
1860,614,21,2,176.68
1861,614,10,1,172.09
1862,614,10,2,188.03
1863,614,18,2,176.66
1864,614,5,1,55.08
1865,615,6,2,27.89
1866,615,10,2,60.5
1867,615,9,1,191.38
1868,615,4,2,33.12
1869,616,10,2,120.53
1870,616,3,3,89.83
1871,616,3,2,50.68
1872,617,2,1,55.71
1873,617,13,2,160.47
1874,617,18,3,165.02
1875,617,12,2,130.44
1876,618,17,1,194.95
1877,618,18,3,154.87
1878,618,4,2,93.67
1879,618,3,2,49.68
1880,618,13,3,149.51
1881,619,14,3,184.1
1882,619,10,1,110.19
1883,619,12,2,157.56
1884,619,11,1,129.83
1885,619,7,1,57.9
1886,620,11,2,177.65
1887,621,21,2,169.77
1888,622,18,1,191.06
1889,622,8,1,50.06
1890,622,19,3,103.58
1891,622,13,1,103.21
1892,622,1,2,51.44
1893,623,14,3,175.87
1894,623,2,2,58.29
1895,623,16,1,127.78
1896,623,3,3,61.89
1897,623,8,3,98.82
1898,624,4,2,87.95
1899,624,20,1,173.68
1900,624,17,2,137.43
1901,624,1,2,64.34
1902,624,7,2,72.33
1903,625,4,2,23.39
1904,625,4,1,62.28
1905,626,4,1,90.32
1906,626,18,1,139.31
1907,627,5,2,88.88
1908,628,14,2,164.79
1909,628,12,3,190.1
1910,629,19,3,169.77
1911,629,5,3,65.8
1912,629,2,3,92.09
1913,629,21,1,129.96
1914,630,13,3,91.91
1915,630,1,3,71.69
1916,631,2,1,52.13
1917,631,7,1,48.89
1918,632,15,3,104.07
1919,632,10,2,172.37
1920,632,1,1,67.91
1921,633,9,2,133.32
1922,633,8,3,77.94
1923,633,12,3,105.74
1924,633,21,2,105.44
1925,633,5,2,94.83
1926,634,15,1,179.74
1927,634,13,1,175.42
1928,634,12,1,137.7
1929,635,16,3,113.65
1930,635,15,3,117.98
1931,636,21,1,103.26
1932,636,1,1,26.1
1933,636,20,1,129.34
1934,636,15,2,164.93
1935,637,12,3,193.11
1936,637,9,3,148.4
1937,637,10,1,167.02
1938,637,3,2,23.25
1939,637,16,2,189.43
1940,638,18,2,102.45
1941,639,10,2,33.15
1942,639,17,1,183.54
1943,640,7,3,82.05
1944,640,14,1,141.42
1945,640,18,2,178.78
1946,641,4,2,89.4
1947,641,3,1,53.76
1948,641,21,2,166.07
1949,641,12,1,143.21
1950,642,14,3,150.2
1951,642,11,2,127.37
1952,643,3,2,43.54
1953,643,7,3,81.93
1954,643,14,1,151.53
1955,644,15,3,130.49
1956,644,20,2,162.01
1957,644,6,1,54.94
1958,644,10,2,74.02
1959,644,16,3,196.27
1960,645,11,3,90.13
1961,645,16,2,128.53
1962,645,16,2,114.68
1963,646,9,3,157.06
1964,647,9,2,45.58
1965,647,10,2,192.39
1966,647,1,2,68.94
1967,648,4,1,44.07
1968,648,16,3,113.22
1969,648,16,2,164.21
1970,648,21,2,149.61
1971,649,20,1,108.06
1972,649,11,1,175.38
1973,649,20,1,180.13
1974,649,13,3,109.92
1975,650,20,1,139.02
1976,650,10,3,100.63
1977,651,12,2,194.59
1978,651,20,3,165.84
1979,651,13,2,136.95
1980,651,14,3,191.97
1981,651,17,3,160.14
1982,652,13,3,136.41
1983,653,17,1,168.53
1984,653,21,3,175.39
1985,654,19,1,135.01
1986,654,17,1,141.54
1987,654,10,3,118.11
1988,654,17,1,174.96
1989,654,20,1,104.33
1990,655,15,3,163.3
1991,655,16,3,153.79
1992,655,1,2,36.85
1993,655,12,3,105.55
1994,655,19,2,126.97
1995,656,15,3,101.22
1996,656,10,1,61.26
1997,656,18,1,161.96
1998,657,10,3,149.13
1999,657,21,3,144.53
2000,657,6,1,84.62
2001,658,12,2,137.69
2002,659,4,3,35.08
2003,659,20,1,129.37
2004,659,1,2,68.26
2005,660,6,2,41.67
2006,660,21,3,137.36
2007,660,5,2,97.59
2008,660,18,3,159.27
2009,660,3,3,29.98
2010,661,18,1,123.21
2011,661,19,2,134.45
2012,661,4,1,72.45
2013,661,12,2,177.7
2014,661,1,3,93.85
2015,662,13,3,191.59
2016,662,8,2,81.65
2017,663,5,2,98.71
2018,663,19,1,135.14
2019,663,17,2,147.76
2020,664,5,2,86.98
2021,664,20,1,172.95
2022,665,7,3,56.79
2023,665,16,1,120.32
2024,666,15,3,131.82
2025,666,4,3,43.15
2026,667,4,2,42.86
2027,668,3,1,76.56
2028,669,15,1,105.97
2029,669,13,1,135.1
2030,669,5,1,41.2
2031,670,8,1,91.33
2032,671,3,1,29.42
2033,671,18,1,132.9
2034,671,19,3,101.46
2035,672,5,1,49.0
2036,672,5,2,95.93
2037,672,11,1,102.56
2038,673,2,1,74.56
2039,673,20,3,130.38
2040,673,11,1,115.0
2041,674,17,2,136.63
2042,674,13,1,92.82
2043,675,8,3,34.94
2044,675,11,3,109.26
2045,676,16,2,181.54
2046,676,10,2,100.88
2047,676,21,1,102.49
2048,676,8,3,32.97
2049,677,12,3,136.31
2050,677,5,3,58.72
2051,678,16,3,167.16
2052,678,11,1,141.56
2053,678,4,2,65.22
2054,679,11,1,176.33
2055,679,4,2,78.83
2056,680,3,3,21.83
2057,680,13,2,137.27
2058,680,8,3,79.03
2059,680,15,1,119.11
2060,681,12,3,150.08
2061,682,4,3,77.69
2062,682,2,1,96.4
2063,682,18,2,180.79
2064,683,4,2,36.78
2065,683,17,3,195.35
2066,683,12,3,164.34
2067,683,19,3,118.79
2068,683,15,2,101.7
2069,684,2,3,35.25
2070,685,20,2,191.02
2071,685,19,1,104.21
2072,685,6,3,38.93
2073,685,20,2,174.69
2074,686,19,1,176.26
2075,686,2,1,75.86
2076,687,8,3,24.99
2077,688,5,1,20.07
2078,688,1,1,45.73
2079,688,14,1,122.83
2080,689,15,2,194.25
2081,690,5,1,22.33
2082,690,19,3,130.64
2083,690,7,2,24.18
2084,691,6,3,22.42
2085,692,2,1,60.35
2086,692,7,2,86.99
2087,692,12,3,140.81
2088,693,5,3,23.14
2089,693,11,3,142.17
2090,693,17,2,134.01
2091,693,9,2,109.33
2092,693,16,2,115.68
2093,694,3,1,61.05
2094,695,7,2,94.94
2095,695,19,3,178.96
2096,695,7,1,27.27
2097,695,3,1,68.61
2098,696,15,3,109.34
2099,696,20,2,136.81
2100,696,11,3,133.18
2101,696,20,2,141.72
2102,697,20,1,126.65
2103,698,20,2,100.54
2104,698,6,2,32.23
2105,699,19,2,199.87
2106,699,6,2,50.26
2107,699,1,2,48.96
2108,700,14,3,188.87
2109,701,18,2,198.03
2110,702,15,3,102.01
2111,702,8,1,39.31
2112,702,3,2,58.46
2113,702,16,3,125.7
2114,703,4,2,95.23
2115,704,19,2,182.63
2116,704,2,1,77.38
2117,704,19,1,122.97
2118,704,5,3,50.39
2119,705,21,3,167.57
2120,705,2,3,87.7
2121,705,18,1,160.17
2122,705,14,2,192.24
2123,705,18,3,127.33
2124,706,13,2,123.88
2125,707,7,3,85.92
2126,708,19,2,122.96
2127,708,21,2,123.67
2128,708,15,3,173.41
2129,708,3,2,55.3
2130,708,11,3,31.88
2131,709,6,2,53.52
2132,709,10,3,99.87
2133,710,5,1,41.95
2134,710,18,3,147.75
2135,710,7,3,32.17
2136,710,6,3,92.08
2137,710,12,3,192.69
2138,711,11,1,150.82
2139,711,4,2,51.98
2140,711,9,3,102.58
2141,711,15,1,136.71
2142,711,14,2,197.62
2143,712,10,3,165.69
2144,712,4,2,79.15
2145,712,20,1,100.35
2146,712,6,2,49.64
2147,713,1,1,55.36
2148,713,1,1,34.43
2149,714,12,3,106.34
2150,715,9,1,170.27
2151,715,20,3,149.35
2152,716,6,1,97.03
2153,716,19,1,111.31
2154,716,12,1,155.56
2155,716,5,3,56.46
2156,717,13,1,151.35
2157,718,8,2,45.54
2158,718,5,2,74.92
2159,719,14,2,160.89
2160,719,20,2,130.96
2161,719,4,1,37.02
2162,719,6,1,27.05
2163,719,3,3,39.92
2164,720,13,1,126.87
2165,720,10,2,138.25
2166,721,5,1,77.76
2167,721,14,1,174.05
2168,721,3,1,40.17
2169,721,16,1,194.0
2170,721,17,3,164.46
2171,722,4,2,96.3
2172,722,9,3,97.77
2173,722,18,3,163.16
2174,722,19,1,183.28
2175,723,20,3,126.03
2176,723,2,1,61.44
2177,723,3,1,64.27
2178,723,11,1,154.16
2179,724,13,1,161.41
2180,724,13,3,107.82
2181,725,5,1,55.59
2182,726,5,1,92.77
2183,727,5,2,85.09
2184,727,11,1,190.24
2185,727,4,1,99.75
2186,727,6,2,86.58
2187,728,10,2,117.76
2188,728,11,3,152.32
2189,728,13,2,107.3
2190,728,3,3,55.4
2191,729,13,1,119.63
2192,729,3,1,80.8
2193,730,6,2,36.88
2194,730,19,2,116.27
2195,730,20,1,149.03
2196,731,12,3,147.4
2197,731,19,1,147.61
2198,731,2,1,71.46
2199,731,20,1,150.62
2200,732,9,3,57.11
2201,733,11,1,33.6
2202,733,11,3,107.29
2203,733,11,3,106.35
2204,734,2,1,47.67
2205,734,19,3,136.14
2206,734,2,1,49.52
2207,734,13,2,115.2
2208,735,2,2,89.0
2209,735,20,2,118.66
2210,735,5,3,36.16
2211,735,16,3,178.84
2212,736,14,1,112.74
2213,736,11,1,127.57
2214,737,19,1,151.96
2215,737,7,1,52.72
2216,737,13,1,156.06
2217,737,8,2,35.63
2218,738,13,2,119.41
2219,738,13,2,181.92
2220,738,11,3,134.07
2221,738,11,2,167.41
2222,739,2,1,95.92
2223,739,7,1,36.28
2224,739,3,1,20.54
2225,739,7,2,76.36
2226,740,5,2,39.23
2227,741,3,3,22.92
2228,741,2,3,40.76
2229,741,21,3,114.44
2230,742,16,1,181.93
2231,742,17,1,195.92
2232,743,4,2,26.97
2233,743,9,1,58.27
2234,743,19,1,184.22
2235,744,17,3,133.46
2236,744,14,2,145.63
2237,745,21,2,157.23
2238,745,19,3,122.13
2239,746,16,3,162.31
2240,746,3,3,21.59
2241,746,1,1,33.41
2242,746,21,2,115.74
2243,747,1,1,77.72
2244,747,13,1,190.94
2245,748,15,3,105.84
2246,748,8,2,69.04
2247,748,4,2,96.16
2248,748,17,3,120.69
2249,749,20,1,109.79
2250,749,6,2,48.9
2251,749,10,3,122.19
2252,749,6,2,58.16
2253,749,5,2,80.66
2254,750,3,2,82.06
2255,750,3,1,22.23
2256,751,7,3,41.78
2257,751,7,1,22.51
2258,752,14,3,105.26
2259,752,2,2,94.73
2260,752,9,3,150.91
2261,752,3,3,59.85
2262,753,15,1,125.9
2263,753,3,3,86.04
2264,753,12,2,175.13
2265,753,1,2,43.14
2266,754,20,1,158.56
2267,754,4,3,96.09
2268,755,5,3,56.69
2269,755,19,1,114.03
2270,755,10,2,170.83
2271,755,1,2,74.64
2272,755,2,1,36.37
2273,756,5,2,41.23
2274,756,11,1,95.44
2275,757,8,1,45.47
2276,757,17,3,99.07
2277,758,2,3,63.49
2278,758,15,3,158.02
2279,758,13,2,142.11
2280,759,16,3,129.11
2281,759,8,3,89.09
2282,760,1,3,99.23
2283,760,6,2,77.51
2284,761,16,2,116.03
2285,761,8,2,69.67
2286,761,5,2,66.97
2287,762,5,1,37.69
2288,762,11,2,156.87
2289,762,3,2,84.27
2290,762,1,3,26.72
2291,763,15,1,98.58
2292,763,17,3,186.57
2293,763,16,2,119.4
2294,763,15,2,136.11
2295,763,21,3,98.7
2296,764,5,1,75.8
2297,764,12,3,151.85
2298,764,1,3,86.23
2299,764,21,1,173.85
2300,765,4,2,25.49
2301,765,2,2,29.13
2302,766,19,1,171.48
2303,766,4,1,68.47
2304,767,12,2,189.71
2305,767,13,1,156.1
2306,768,19,3,159.66
2307,768,9,2,196.02
2308,768,12,1,168.44
2309,768,1,3,87.79
2310,769,4,1,71.85
2311,769,4,3,47.15
2312,769,4,3,20.63
2313,769,9,3,79.76
2314,770,15,3,133.27
2315,770,14,2,179.46
2316,770,10,1,130.87
2317,770,20,2,156.2
2318,771,13,3,191.12
2319,771,9,1,73.78
2320,771,13,2,166.0
2321,772,3,3,25.88
2322,772,5,2,47.4
2323,772,5,2,67.37
2324,772,13,1,116.06
2325,772,15,2,159.21
2326,773,18,3,100.85
2327,773,10,2,38.41
2328,773,4,1,69.09
2329,773,12,3,144.09
2330,773,14,3,178.46
2331,774,12,1,129.63
2332,775,10,2,190.97
2333,775,8,1,76.0
2334,776,7,1,63.69
2335,776,2,2,49.67
2336,776,8,1,75.27
2337,776,6,2,69.97
2338,777,12,2,187.44
2339,778,13,1,165.4
2340,778,8,2,88.89
2341,779,2,1,24.79
2342,779,13,2,167.86
2343,779,15,3,186.42
2344,779,19,1,101.66
2345,779,20,1,184.43
2346,780,2,2,40.54
2347,780,12,1,131.55
2348,781,16,3,125.12
2349,781,7,2,20.85
2350,781,11,1,111.77
2351,781,8,1,64.93
2352,781,11,1,135.15
2353,782,21,2,197.11
2354,783,21,3,170.03
2355,783,5,3,68.85
2356,784,2,3,86.13
2357,784,6,3,89.54
2358,784,4,1,49.72
2359,785,20,1,126.02
2360,786,1,1,93.81
2361,786,12,1,173.79
2362,786,12,2,183.33
2363,787,18,1,146.03
2364,787,11,1,150.24
2365,787,8,3,58.88
2366,788,21,2,122.88
2367,788,1,1,67.68
2368,788,19,2,103.1
2369,789,9,3,57.55
2370,789,8,3,32.15
2371,789,15,2,110.65
2372,790,8,2,52.93
2373,790,12,2,159.2
2374,790,21,1,138.41
2375,790,5,1,39.73
2376,791,20,2,186.75
2377,791,2,3,57.94
2378,791,10,1,48.71
2379,791,1,1,48.64
2380,791,5,1,46.35
2381,792,1,1,71.15
2382,792,16,3,190.62
2383,793,8,2,69.99
2384,793,3,1,81.24
2385,793,3,3,89.94
2386,793,7,2,80.56
2387,794,15,2,137.68
2388,794,19,3,195.73
2389,795,21,2,109.89
2390,795,11,2,196.81
2391,796,12,3,108.64
2392,796,16,1,123.07
2393,796,15,1,145.33
2394,797,8,2,47.07
2395,797,21,3,146.48
2396,797,6,3,49.98
2397,798,15,3,108.39
2398,798,13,1,103.27
2399,798,21,3,156.62
2400,799,5,2,68.42
2401,799,15,1,120.5
2402,799,8,2,29.06
2403,799,7,3,50.93
2404,799,16,1,188.63
2405,800,12,3,124.56
2406,800,10,2,64.65
2407,801,6,3,88.39
2408,802,3,3,51.25
2409,802,18,1,185.92
2410,802,1,2,40.07
2411,803,14,3,147.53
2412,803,4,2,63.84
2413,804,13,3,156.07
2414,804,6,2,43.51
2415,804,3,1,68.17
2416,805,6,2,73.02
2417,805,4,1,36.53
2418,805,12,1,161.38
2419,806,7,1,50.51
2420,806,5,1,51.28
2421,806,2,3,81.48
2422,806,17,3,146.66
2423,806,2,1,91.72
2424,807,8,2,24.22
2425,808,6,1,97.13
2426,808,17,3,177.09
2427,808,19,3,131.32
2428,808,1,3,77.53
2429,809,17,2,175.05
2430,810,17,1,106.71
2431,811,17,3,104.85
2432,812,7,2,96.26
2433,812,14,3,108.94
2434,813,4,3,57.45
2435,813,6,1,45.39
2436,813,5,3,77.84
2437,813,6,1,76.4
2438,814,17,3,126.26
2439,815,4,3,58.9
2440,816,13,2,134.36
2441,816,1,1,49.12
2442,816,4,2,77.11
2443,816,7,2,26.99
2444,816,6,1,71.34
2445,817,1,2,24.51
2446,817,17,2,124.51
2447,817,4,2,72.63
2448,817,18,3,184.08
2449,818,3,2,64.88
2450,818,19,1,193.49
2451,818,7,2,39.98
2452,818,17,1,139.74
2453,818,2,3,43.99
2454,819,5,2,61.17
2455,819,12,1,164.98
2456,819,10,3,100.98
2457,820,7,1,39.2
2458,820,3,2,29.99
2459,821,17,1,129.72
2460,821,12,3,141.4
2461,821,18,2,100.98
2462,821,19,1,189.82
2463,822,18,1,135.79
2464,822,3,1,72.19
2465,822,1,1,47.96
2466,822,15,2,159.67
2467,822,9,2,131.48
2468,823,12,3,159.43
2469,823,15,3,110.93
2470,823,8,1,70.41
2471,823,14,1,161.61
2472,823,6,3,45.52
2473,824,20,2,152.33
2474,824,2,1,48.11
2475,824,19,3,139.84
2476,825,18,2,115.82
2477,826,11,2,195.27
2478,827,21,2,136.98
2479,827,12,1,184.21
2480,827,20,2,127.72
2481,828,5,2,45.44
2482,828,1,3,84.66
2483,828,7,2,99.82
2484,828,18,1,107.1
2485,829,1,2,21.86
2486,830,16,2,180.77
2487,830,7,3,42.49
2488,830,18,1,101.85
2489,831,14,1,188.12
2490,831,6,3,56.34
2491,831,1,3,85.81
2492,832,2,1,40.85
2493,832,14,1,157.1
2494,832,12,1,171.46
2495,833,12,1,132.09
2496,833,21,1,198.36
2497,833,6,2,67.34
2498,834,12,2,110.68
2499,834,4,2,39.49
2500,835,17,1,174.44
2501,835,16,2,130.73
2502,835,21,3,189.4
2503,835,12,3,196.07
2504,836,13,2,105.31
2505,836,2,3,74.84
2506,836,15,3,135.47
2507,837,11,2,31.01
2508,837,19,2,180.17
2509,838,13,1,179.55
2510,839,18,1,115.42
2511,839,11,2,82.83
2512,839,3,3,26.54
2513,840,1,1,78.85
2514,841,5,1,80.35
2515,841,9,1,193.24
2516,841,15,3,100.74
2517,841,5,2,98.15
2518,841,8,2,32.76
2519,842,6,2,82.24
2520,842,17,2,162.7
2521,842,2,2,39.53
2522,843,10,2,63.34
2523,843,21,3,166.75
2524,843,21,2,150.08
2525,844,18,3,175.38
2526,844,17,1,121.51
2527,844,8,3,38.06
2528,844,10,1,114.09
2529,845,2,2,54.04
2530,846,14,3,155.7
2531,846,8,1,67.13
2532,847,13,3,146.22
2533,847,1,2,50.37
2534,848,19,3,160.55
2535,848,15,1,162.0
2536,848,17,2,176.37
2537,848,17,3,141.07
2538,849,7,3,45.53
2539,849,3,1,36.99
2540,849,1,1,92.94
2541,850,11,2,115.04
2542,851,10,3,177.91
2543,851,11,1,143.99
2544,851,19,2,143.22
2545,851,7,3,43.35
2546,851,6,3,67.24
2547,852,17,3,161.04
2548,852,16,2,101.63
2549,852,6,2,27.93
2550,853,8,3,57.57
2551,853,16,3,108.79
2552,854,11,1,90.7
2553,854,18,1,110.81
2554,854,4,3,64.39
2555,855,20,3,133.06
2556,855,14,1,104.22
2557,855,9,3,119.7
2558,856,10,1,166.51
2559,856,21,1,153.11
2560,856,6,3,87.54
2561,856,9,2,195.58
2562,856,16,3,162.65
2563,857,9,3,54.13
2564,857,7,2,51.58
2565,857,6,3,31.22
2566,857,13,3,102.42
2567,857,12,2,94.94
2568,858,1,3,78.07
2569,858,11,2,119.58
2570,858,1,2,27.49
2571,858,8,3,35.03
2572,858,19,3,167.77
2573,859,4,3,26.88
2574,859,21,1,119.39
2575,859,21,3,137.9
2576,860,5,3,60.94
2577,860,3,3,96.62
2578,860,8,3,28.55
2579,861,10,1,115.64
2580,861,9,1,157.26
2581,862,16,1,189.74
2582,862,6,3,68.91
2583,862,6,3,29.38
2584,863,17,3,145.66
2585,863,10,1,104.11
2586,864,14,3,133.64
2587,864,17,1,175.0
2588,864,9,2,57.72
2589,865,14,1,106.56
2590,866,1,3,62.03
2591,866,17,3,106.06
2592,867,15,2,106.98
2593,868,10,2,125.04
2594,868,10,3,186.24
2595,868,7,2,62.01
2596,869,18,2,183.91
2597,869,16,1,100.45
2598,869,20,2,120.4
2599,870,7,3,67.31
2600,870,2,2,57.65
2601,870,21,2,106.66
2602,871,1,3,35.26
2603,871,13,1,130.91
2604,871,18,3,108.5
2605,871,8,1,53.98
2606,872,14,3,161.89
2607,872,16,2,123.94
2608,873,6,3,33.45
2609,873,6,3,66.5
2610,873,15,2,115.18
2611,874,10,1,91.89
2612,874,20,2,124.68
2613,875,14,1,124.47
2614,875,17,1,125.39
2615,875,21,2,172.92
2616,876,19,3,127.53
2617,876,5,1,72.41
2618,877,20,2,121.32
2619,877,13,1,197.95
2620,878,7,3,80.87
2621,878,5,1,76.01
2622,878,13,1,159.33
2623,878,11,2,137.1
2624,879,16,3,193.9
2625,879,15,1,175.67
2626,879,4,1,23.73
2627,879,6,2,72.23
2628,880,9,1,32.57
2629,880,10,2,31.35
2630,881,20,1,163.74
2631,881,3,3,74.37
2632,881,9,3,195.83
2633,881,1,2,36.76
2634,881,13,3,176.16
2635,882,7,1,92.6
2636,882,14,1,104.44
2637,883,10,1,54.19
2638,884,16,3,179.41
2639,884,13,1,148.31
2640,885,7,3,57.91
2641,885,21,2,118.3
2642,885,10,2,95.56
2643,885,9,2,172.07
2644,885,13,1,173.0
2645,886,14,1,129.08
2646,886,4,2,31.51
2647,887,20,2,183.86
2648,888,1,1,75.24
2649,888,16,3,186.01
2650,888,7,1,22.06
2651,888,10,3,162.26
2652,888,10,3,168.97
2653,889,5,2,68.83
2654,890,9,2,30.59
2655,891,7,2,27.87
2656,891,5,2,63.72
2657,892,9,1,34.73
2658,892,4,1,79.8
2659,892,20,3,114.18
2660,892,10,3,66.93
2661,892,6,2,25.39
2662,893,11,1,119.05
2663,893,4,3,37.74
2664,893,10,1,115.23
2665,893,3,2,71.02
2666,894,21,1,167.32
2667,894,21,3,125.62
2668,894,16,2,109.52
2669,895,16,2,133.86
2670,895,5,1,87.81
2671,895,14,3,113.81
2672,895,9,2,75.68
2673,896,3,2,86.76
2674,896,20,2,124.82
2675,897,8,2,54.31
2676,898,19,2,176.13
2677,898,15,3,110.57
2678,898,2,2,44.47
2679,899,17,2,125.52
2680,899,17,2,192.63
2681,900,1,3,28.37
2682,901,15,1,147.26
2683,902,6,2,51.76
2684,902,21,2,168.09
2685,902,5,2,93.64
2686,902,13,1,177.15
2687,903,17,1,105.09
2688,903,2,1,24.21
2689,903,17,2,130.04
2690,903,17,2,123.65
2691,904,16,3,110.85
2692,904,17,3,182.12
2693,904,5,2,32.6
2694,904,1,1,24.19
2695,905,9,3,154.62
2696,906,9,2,77.72
2697,906,14,1,158.14
2698,906,17,2,105.97
2699,906,2,1,64.55
2700,907,21,2,188.15
2701,907,12,3,103.79
2702,907,12,1,111.96
2703,907,2,1,54.53
2704,907,8,2,99.79
2705,908,18,2,153.39
2706,908,2,2,28.92
2707,908,3,3,24.15
2708,908,11,1,93.54
2709,908,1,1,62.22
2710,909,6,2,55.08
2711,909,17,1,98.01
2712,909,12,3,169.63
2713,909,13,1,166.73
2714,909,3,3,86.09
2715,910,9,1,147.17
2716,910,9,2,103.53
2717,910,18,3,143.79
2718,910,11,2,97.85
2719,911,5,3,33.96
2720,911,10,3,94.62
2721,912,7,3,97.01
2722,912,10,2,64.85
2723,912,10,2,196.42
2724,912,2,2,65.73
2725,912,19,1,109.32
2726,913,21,1,178.17
2727,913,7,1,52.5
2728,914,8,3,37.43
2729,914,17,3,105.32
2730,914,14,1,197.4
2731,914,7,3,87.39
2732,914,3,1,59.96
2733,915,12,3,198.6
2734,916,21,2,199.68
2735,917,4,2,69.68
2736,917,20,1,104.68
2737,917,17,3,118.02
2738,917,16,1,164.8
2739,918,11,1,178.85
2740,918,7,1,51.66
2741,919,3,1,43.8
2742,919,5,3,41.39
2743,919,11,3,85.47
2744,920,8,2,23.66
2745,920,12,3,116.69
2746,920,19,2,137.93
2747,920,16,2,107.6
2748,921,21,1,189.22
2749,921,21,1,161.82
2750,921,21,1,148.48
2751,922,14,1,119.4
2752,922,13,2,113.12
2753,922,12,3,127.02
2754,922,20,1,118.49
2755,923,9,2,126.12
2756,923,2,2,91.46
2757,923,10,1,60.1
2758,923,15,2,144.67
2759,923,4,2,99.77
2760,924,13,3,122.06
2761,925,15,3,165.28
2762,925,6,1,82.46
2763,925,12,1,132.93
2764,925,9,2,174.1
2765,926,8,1,44.82
2766,926,17,3,181.62
2767,927,12,1,133.07
2768,927,10,1,37.96
2769,927,19,3,142.95
2770,927,1,2,47.28
2771,928,17,2,145.1
2772,928,13,2,187.4
2773,928,11,3,96.0
2774,928,18,2,134.8
2775,929,19,3,105.45
2776,929,19,3,111.52
2777,929,10,1,76.86
2778,929,7,2,47.48
2779,929,11,3,60.34
2780,930,13,3,103.7
2781,930,20,2,129.69
2782,931,14,2,156.11
2783,931,13,2,141.91
2784,931,8,2,91.38
2785,931,12,2,126.41
2786,931,18,2,171.15
2787,932,9,2,184.77
2788,932,18,1,164.47
2789,932,8,2,90.48
2790,932,18,2,199.83
2791,933,1,3,38.24
2792,934,1,3,92.32
2793,934,20,2,101.9
2794,935,14,2,150.89
2795,935,11,2,172.1
2796,936,8,1,95.34
2797,936,12,1,113.74
2798,936,15,3,157.72
2799,937,7,3,90.12
2800,938,4,2,47.19
2801,938,17,1,173.57
2802,938,3,2,99.81
2803,938,6,1,82.81
2804,938,2,1,98.24
2805,939,2,3,75.09
2806,940,19,3,148.77
2807,940,13,3,166.97
2808,940,8,3,58.6
2809,940,10,3,93.12
2810,940,9,1,141.9
2811,941,4,2,81.11
2812,941,17,3,161.08
2813,941,6,3,90.2
2814,941,3,1,93.75
2815,941,4,1,53.09
2816,942,14,2,139.87
2817,943,16,1,100.53
2818,943,3,3,38.91
2819,943,1,1,43.94
2820,944,14,3,193.46
2821,944,4,3,33.93
2822,945,12,2,159.93
2823,945,20,2,196.21
2824,945,5,3,26.23
2825,946,3,3,63.58
2826,946,10,3,139.95
2827,946,1,2,92.58
2828,946,20,1,135.42
2829,946,3,1,87.08
2830,947,19,3,125.79
2831,947,6,3,27.51
2832,947,3,3,66.67
2833,947,17,3,189.0
2834,947,9,3,102.52
2835,948,3,2,22.05
2836,948,7,1,73.62
2837,948,12,2,127.24
2838,948,21,3,135.36
2839,949,12,1,128.11
2840,949,11,1,131.85
2841,949,18,2,123.05
2842,949,13,2,103.53
2843,950,15,1,147.84
2844,950,21,3,133.59
2845,951,11,1,99.11
2846,951,2,1,32.06
2847,951,2,1,61.46
2848,951,18,3,100.03
2849,952,12,1,176.86
2850,952,16,2,142.15
2851,952,14,3,108.04
2852,952,17,3,101.63
2853,952,3,2,98.63
2854,953,9,2,66.48
2855,953,5,3,42.86
2856,953,19,3,177.36
2857,953,21,3,183.17
2858,954,6,1,93.35
2859,955,12,2,156.18
2860,955,8,3,84.07
2861,955,10,3,45.44
2862,955,19,3,193.96
2863,956,16,2,177.36
2864,956,6,1,55.48
2865,956,4,2,31.45
2866,956,15,2,170.75
2867,957,20,3,135.67
2868,957,11,1,62.27
2869,957,8,1,75.14
2870,958,9,1,109.78
2871,958,20,1,110.81
2872,958,8,1,43.4
2873,959,6,1,23.92
2874,959,14,3,191.8
2875,959,7,1,57.4
2876,959,2,2,60.21
2877,959,19,2,120.6
2878,960,14,2,168.18
2879,960,16,2,155.91
2880,961,3,1,99.28
2881,961,20,2,153.01
2882,962,10,2,177.04
2883,962,17,2,140.66
2884,963,7,3,57.03
2885,963,13,1,137.89
2886,963,3,3,36.46
2887,963,21,3,169.38
2888,963,18,1,144.49
2889,964,20,1,108.43
2890,964,5,3,23.33
2891,964,15,2,104.93
2892,965,12,1,179.91
2893,966,19,3,107.13
2894,967,11,1,192.42
2895,968,10,2,70.44
2896,968,9,2,126.41
2897,968,7,1,74.27
2898,968,5,3,77.92
2899,968,3,3,28.21
2900,969,4,1,71.97
2901,969,7,1,52.95
2902,970,20,2,152.82
2903,971,6,3,93.98
2904,971,8,3,86.71
2905,971,19,2,114.61
2906,971,9,3,51.66
2907,971,9,3,42.64
2908,972,21,2,121.01
2909,972,11,1,111.43
2910,972,16,1,102.5
2911,972,5,3,71.21
2912,972,14,3,185.86
2913,973,19,3,116.51
2914,973,15,1,187.04
2915,973,13,1,163.57
2916,973,14,3,101.23
2917,973,7,3,55.79
2918,974,18,2,174.76
2919,974,15,1,148.57
2920,975,9,1,143.5
2921,975,13,2,104.93
2922,975,1,2,54.0
2923,975,8,2,75.44
2924,976,11,1,84.99
2925,976,10,2,110.61
2926,977,11,3,42.89
2927,977,4,3,79.77
2928,977,17,2,169.18
2929,977,20,1,158.73
2930,977,9,2,155.14
2931,978,10,2,133.39
2932,979,13,1,181.31
2933,979,21,3,198.2
2934,979,3,3,60.9
2935,979,20,1,159.89
2936,979,8,3,61.42
2937,980,2,2,85.23
2938,980,14,1,131.19
2939,980,17,3,105.78
2940,981,14,1,185.28
2941,981,13,3,191.6
2942,981,20,1,157.76
2943,981,6,3,45.08
2944,981,17,1,113.19
2945,982,13,1,130.52
2946,982,16,3,135.41
2947,982,12,1,189.01
2948,983,19,3,173.57
2949,983,4,1,20.18
2950,983,3,3,50.15
2951,984,8,2,46.88
2952,984,9,2,125.57
2953,984,10,3,159.26
2954,985,21,3,190.2
2955,985,15,1,193.16
2956,986,19,3,116.9
2957,986,10,3,151.14
2958,986,10,3,179.2
2959,987,2,2,81.75
2960,987,18,1,147.6
2961,987,13,3,101.09
2962,988,5,3,49.15
2963,988,13,1,167.75
2964,989,11,2,179.16
2965,990,21,3,116.25
2966,990,1,3,61.49
2967,990,20,2,154.84
2968,991,7,3,52.85
2969,991,6,2,38.22
2970,992,4,1,39.97
2971,992,3,1,72.56
2972,992,19,2,134.04
2973,992,5,3,74.51
2974,993,5,3,99.66
2975,993,18,1,124.49
2976,993,4,1,82.06
2977,993,18,2,149.11
2978,993,1,2,71.6
2979,994,12,3,199.13
2980,994,8,3,23.75
2981,994,18,1,117.78
2982,994,14,1,159.04
2983,994,4,2,65.0
2984,995,4,1,47.93
2985,995,9,2,179.36
2986,995,17,3,119.3
2987,995,18,2,146.58
2988,995,12,2,167.04
2989,996,6,3,24.47
2990,997,7,3,90.57
2991,997,6,1,58.69
2992,997,12,1,159.63
2993,997,5,1,99.97
2994,997,5,3,81.63
2995,998,9,2,168.07
2996,999,4,3,53.14
2997,999,10,3,84.64
2998,1000,12,3,122.83
