id,created_at,total_amount,customer_age,customer_gender,store_location
1813,2025-01-01T07:19:06,228.0,35,Female,Cebu
907,2025-01-01T07:41:50,1707.22,57,Female,Davao
1360,2025-01-01T08:37:54,857.93,56,Male,Manila
454,2025-01-01T09:18:54,559.16,49,Male,Makati
1964,2025-01-01T09:21:55,646.14,51,Male,Makati
756,2025-01-01T10:09:51,875.42,63,Male,Makati
605,2025-01-01T11:12:38,872.06,41,Female,Iloilo
1209,2025-01-01T12:45:26,20.16,23,Female,Baguio
1511,2025-01-01T14:25:02,671.17,40,Male,Makati
1662,2025-01-01T16:31:31,651.64,64,Male,Quezon City
1058,2025-01-01T18:25:43,870.87,60,Male,Iloilo
303,2025-01-01T20:27:29,329.56,48,Female,Baguio
152,2025-01-01T21:31:15,298.3,36,Male,Quezon City
1,2025-01-01T22:53:54,135.18,23,Male,Davao
1965,2025-01-02T07:35:00,473.17,37,Male,Makati
1663,2025-01-02T09:59:31,393.67,45,Male,Pasig
1814,2025-01-02T10:37:28,1094.54,43,Female,Pasig
304,2025-01-02T10:41:25,569.31,59,Female,Manila
1512,2025-01-02T11:24:08,920.66,41,Female,Cebu
606,2025-01-02T12:07:36,862.35,59,Male,Quezon City
455,2025-01-02T14:10:32,32.19,47,Female,Iloilo
2,2025-01-02T14:14:02,758.77,29,Female,Iloilo
153,2025-01-02T14:51:51,462.05,56,Male,Cebu
908,2025-01-02T15:03:55,150.48,29,Male,Quezon City
757,2025-01-02T16:30:38,1122.96,61,Female,Manila
1361,2025-01-02T17:51:54,180.99,32,Male,Iloilo
1210,2025-01-02T21:13:43,200.79,33,Male,Davao
1059,2025-01-02T22:17:36,1132.77,65,Female,Quezon City
909,2025-01-03T06:23:27,833.76,63,Male,Quezon City
1211,2025-01-03T07:50:29,787.74,45,Female,Iloilo
154,2025-01-03T09:38:50,107.34,49,Male,Manila
1513,2025-01-03T09:50:00,1044.58,45,Female,Cebu
1664,2025-01-03T13:25:38,778.29,58,Male,Iloilo
1362,2025-01-03T13:40:50,503.06,18,Male,Manila
1815,2025-01-03T15:02:48,631.87,59,Male,Cebu
456,2025-01-03T15:16:56,366.92,18,Female,Iloilo
758,2025-01-03T16:29:23,654.29,31,Female,Manila
1966,2025-01-03T17:13:27,1101.96,18,Male,Davao
607,2025-01-03T19:26:43,411.56,39,Male,Davao
1060,2025-01-03T19:39:42,457.92,19,Male,Quezon City
305,2025-01-03T20:53:47,783.45,56,Male,Makati
3,2025-01-03T22:23:25,1307.72,41,Female,Davao
4,2025-01-04T06:21:12,1311.57,33,Female,Baguio
1816,2025-01-04T06:54:35,784.45,60,Female,Makati
1061,2025-01-04T07:06:29,199.34,34,Male,Makati
1212,2025-01-04T07:22:58,1211.25,28,Female,Makati
759,2025-01-04T09:29:53,166.52,28,Male,Cebu
1363,2025-01-04T09:53:45,11.7,46,Male,Quezon City
1967,2025-01-04T11:25:08,291.74,23,Male,Baguio
1514,2025-01-04T14:17:17,977.66,30,Male,Pasig
608,2025-01-04T15:13:59,431.72,18,Female,Baguio
910,2025-01-04T15:27:44,973.36,56,Male,Makati
306,2025-01-04T18:12:20,1089.68,51,Female,Manila
155,2025-01-04T19:08:25,335.6,52,Female,Davao
1665,2025-01-04T21:39:14,272.76,26,Female,Baguio
457,2025-01-04T22:32:18,260.08,27,Male,Quezon City
609,2025-01-05T06:21:14,525.5,45,Male,Davao
307,2025-01-05T07:45:24,426.42,43,Male,Davao
760,2025-01-05T08:04:24,30.39,37,Female,Quezon City
1515,2025-01-05T09:24:30,1090.09,40,Male,Quezon City
911,2025-01-05T09:35:36,211.8,61,Female,Davao
5,2025-01-05T10:06:51,69.34,59,Female,Davao
1666,2025-01-05T10:45:40,642.92,56,Female,Pasig
1213,2025-01-05T12:31:20,353.24,40,Male,Baguio
1364,2025-01-05T13:20:23,407.13,39,Female,Pasig
458,2025-01-05T13:58:11,438.49,39,Male,Cebu
1817,2025-01-05T14:06:48,1164.05,36,Female,Pasig
1062,2025-01-05T20:31:48,689.85,45,Female,Manila
1968,2025-01-05T20:51:12,443.09,55,Male,Pasig
156,2025-01-05T21:34:56,1025.02,45,Female,Baguio
610,2025-01-06T09:15:23,62.68,18,Male,Iloilo
761,2025-01-06T09:45:45,1571.22,63,Female,Iloilo
6,2025-01-06T10:28:35,492.58,40,Female,Makati
1214,2025-01-06T10:50:56,2039.44,56,Female,Pasig
1969,2025-01-06T12:24:31,1155.6,25,Male,Baguio
1516,2025-01-06T12:40:30,1086.95,43,Female,Baguio
1365,2025-01-06T13:12:25,1478.71,35,Male,Baguio
157,2025-01-06T13:50:41,388.23,65,Male,Baguio
1063,2025-01-06T16:25:07,165.46,28,Male,Cebu
1818,2025-01-06T16:34:33,244.38,58,Male,Manila
912,2025-01-06T16:38:39,184.92,56,Female,Makati
1667,2025-01-06T16:59:49,2107.08,46,Male,Pasig
308,2025-01-06T20:49:02,599.84,50,Female,Makati
459,2025-01-06T22:43:12,501.78,22,Female,Quezon City
1970,2025-01-07T06:53:00,349.44,60,Male,Baguio
460,2025-01-07T08:10:31,372.59,33,Male,Iloilo
309,2025-01-07T08:57:43,510.91,27,Male,Quezon City
913,2025-01-07T09:31:41,281.25,45,Male,Quezon City
1517,2025-01-07T11:45:43,1030.74,60,Female,Pasig
7,2025-01-07T12:05:04,1159.91,62,Female,Davao
1819,2025-01-07T13:20:28,701.67,41,Female,Manila
762,2025-01-07T13:29:51,1237.91,32,Female,Baguio
1215,2025-01-07T13:49:07,311.98,44,Female,Iloilo
1668,2025-01-07T17:34:24,1021.41,48,Male,Makati
1366,2025-01-07T17:57:48,835.92,28,Female,Pasig
158,2025-01-07T18:20:31,681.77,18,Male,Makati
1064,2025-01-07T19:22:15,140.52,24,Male,Manila
611,2025-01-07T19:36:44,967.75,21,Female,Davao
1820,2025-01-08T07:09:04,891.54,34,Male,Quezon City
1367,2025-01-08T08:13:47,1990.03,32,Female,Iloilo
461,2025-01-08T11:21:59,702.07,41,Male,Makati
612,2025-01-08T11:32:36,886.7,46,Male,Manila
1518,2025-01-08T14:45:11,1158.87,52,Male,Davao
1065,2025-01-08T14:59:50,190.38,19,Male,Iloilo
159,2025-01-08T15:11:21,506.52,64,Male,Pasig
763,2025-01-08T16:25:05,938.55,26,Female,Manila
1971,2025-01-08T17:00:46,927.34,27,Male,Makati
310,2025-01-08T17:16:44,1557.52,65,Male,Davao
8,2025-01-08T17:27:35,1723.43,19,Female,Davao
1669,2025-01-08T22:13:03,703.78,33,Male,Davao
914,2025-01-08T22:14:43,421.4,49,Male,Makati
1216,2025-01-08T22:37:29,1722.53,39,Male,Baguio
1670,2025-01-09T06:06:37,335.75,55,Female,Quezon City
1519,2025-01-09T06:12:30,1367.81,58,Male,Makati
462,2025-01-09T07:35:52,405.41,39,Female,Makati
764,2025-01-09T09:04:06,572.32,64,Male,Davao
613,2025-01-09T10:10:35,787.47,26,Female,Baguio
1066,2025-01-09T10:19:29,1275.51,26,Male,Iloilo
1972,2025-01-09T11:02:11,385.2,42,Female,Manila
1368,2025-01-09T13:46:36,947.6,64,Female,Baguio
1217,2025-01-09T14:01:59,734.7,55,Female,Manila
9,2025-01-09T14:16:13,1550.34,36,Female,Cebu
160,2025-01-09T14:53:52,136.96,37,Female,Quezon City
311,2025-01-09T15:07:13,792.56,31,Female,Iloilo
915,2025-01-09T15:33:15,1107.4,53,Female,Pasig
1821,2025-01-09T20:39:29,370.61,21,Female,Makati
161,2025-01-10T06:23:14,102.89,35,Female,Cebu
463,2025-01-10T08:01:46,1063.66,26,Male,Baguio
312,2025-01-10T09:05:20,1509.94,27,Female,Davao
1067,2025-01-10T09:50:28,1443.33,45,Male,Quezon City
1671,2025-01-10T13:15:07,964.15,43,Female,Manila
1973,2025-01-10T15:12:18,448.83,65,Male,Cebu
614,2025-01-10T15:42:21,1095.37,50,Female,Makati
10,2025-01-10T16:18:08,764.7,39,Female,Baguio
1520,2025-01-10T16:41:03,407.1,56,Female,Pasig
1822,2025-01-10T16:46:54,1252.56,41,Male,Pasig
1218,2025-01-10T17:12:31,980.95,58,Male,Quezon City
916,2025-01-10T17:18:38,1402.29,55,Female,Baguio
765,2025-01-10T18:23:44,616.49,39,Female,Iloilo
1369,2025-01-10T19:27:16,639.62,39,Female,Iloilo
766,2025-01-11T06:17:49,809.17,42,Male,Makati
1823,2025-01-11T07:28:16,238.23,62,Male,Cebu
11,2025-01-11T07:30:12,903.78,59,Female,Pasig
1974,2025-01-11T10:21:50,1473.49,29,Female,Cebu
1219,2025-01-11T13:41:48,1008.65,48,Female,Cebu
1370,2025-01-11T13:56:17,387.4,30,Female,Quezon City
162,2025-01-11T15:42:48,767.32,36,Male,Davao
917,2025-01-11T17:30:36,830.21,47,Female,Iloilo
313,2025-01-11T18:36:27,953.97,20,Male,Baguio
1672,2025-01-11T18:43:27,1707.72,55,Female,Quezon City
1068,2025-01-11T18:48:53,389.16,53,Male,Iloilo
615,2025-01-11T18:49:15,1207.19,25,Female,Iloilo
1521,2025-01-11T22:30:10,1230.8,56,Female,Davao
464,2025-01-11T22:52:16,933.2,42,Female,Iloilo
163,2025-01-12T06:32:11,918.98,29,Male,Quezon City
1673,2025-01-12T08:50:31,1348.83,41,Female,Pasig
1975,2025-01-12T09:18:56,619.78,59,Male,Quezon City
1069,2025-01-12T09:52:19,803.99,44,Female,Quezon City
1371,2025-01-12T10:39:59,772.33,44,Male,Makati
314,2025-01-12T10:59:37,1299.63,32,Female,Pasig
616,2025-01-12T11:12:37,680.57,53,Male,Manila
767,2025-01-12T11:45:45,1554.87,23,Male,Manila
12,2025-01-12T14:24:45,1359.82,57,Male,Davao
1824,2025-01-12T15:03:45,531.43,27,Male,Manila
918,2025-01-12T16:31:00,1032.37,23,Male,Makati
1220,2025-01-12T17:39:11,872.78,18,Female,Manila
465,2025-01-12T18:27:40,1106.01,63,Female,Baguio
1522,2025-01-12T22:38:56,1364.78,63,Female,Pasig
1221,2025-01-13T06:27:02,415.83,42,Male,Quezon City
1976,2025-01-13T06:58:59,1442.43,52,Male,Makati
1523,2025-01-13T08:31:26,895.47,22,Male,Quezon City
466,2025-01-13T09:59:45,544.5,28,Male,Pasig
768,2025-01-13T10:14:52,199.1,22,Male,Davao
164,2025-01-13T11:38:44,366.8,22,Male,Cebu
1070,2025-01-13T15:20:18,680.47,51,Male,Baguio
13,2025-01-13T15:36:19,692.51,49,Male,Davao
1372,2025-01-13T15:53:58,444.18,35,Male,Pasig
315,2025-01-13T16:15:28,266.26,20,Female,Iloilo
617,2025-01-13T17:02:16,1420.11,44,Male,Baguio
919,2025-01-13T18:38:45,742.78,50,Female,Pasig
1674,2025-01-13T19:10:01,640.57,23,Male,Baguio
1825,2025-01-13T22:30:08,379.27,59,Female,Iloilo
1373,2025-01-14T06:43:35,39.13,44,Female,Iloilo
1524,2025-01-14T07:37:13,994.76,60,Male,Davao
1222,2025-01-14T10:49:06,362.5,53,Male,Quezon City
920,2025-01-14T12:01:49,864.47,60,Male,Cebu
1826,2025-01-14T14:48:22,716.87,28,Male,Iloilo
316,2025-01-14T14:53:56,1001.07,20,Male,Cebu
618,2025-01-14T16:23:49,737.72,62,Female,Pasig
769,2025-01-14T16:45:12,514.34,53,Male,Cebu
1675,2025-01-14T17:35:34,380.09,38,Male,Manila
1977,2025-01-14T17:35:36,123.09,35,Female,Makati
1071,2025-01-14T18:21:57,1222.66,44,Male,Cebu
165,2025-01-14T20:36:20,229.83,30,Male,Baguio
467,2025-01-14T21:24:27,1576.62,53,Male,Davao
14,2025-01-14T21:56:51,331.92,41,Male,Makati
1978,2025-01-15T06:53:20,275.68,56,Female,Pasig
1827,2025-01-15T07:33:01,1897.38,39,Female,Iloilo
317,2025-01-15T08:44:12,821.88,58,Male,Manila
1676,2025-01-15T09:39:10,827.89,63,Female,Iloilo
921,2025-01-15T10:18:42,598.07,36,Male,Baguio
619,2025-01-15T10:38:54,418.77,64,Female,Davao
770,2025-01-15T11:17:09,1435.92,56,Male,Baguio
166,2025-01-15T13:03:10,1284.53,26,Female,Quezon City
1223,2025-01-15T13:59:58,465.58,22,Male,Pasig
468,2025-01-15T15:10:44,201.13,48,Female,Iloilo
1525,2025-01-15T16:21:04,187.0,33,Female,Quezon City
1072,2025-01-15T18:49:38,945.93,30,Male,Iloilo
15,2025-01-15T19:46:06,123.87,49,Male,Quezon City
1374,2025-01-15T22:46:44,1515.84,24,Male,Manila
1073,2025-01-16T07:08:50,362.39,36,Male,Cebu
16,2025-01-16T07:32:55,1198.78,45,Female,Makati
1224,2025-01-16T09:25:09,852.68,56,Female,Manila
771,2025-01-16T11:29:58,884.03,25,Female,Cebu
1526,2025-01-16T12:26:26,1071.24,62,Male,Cebu
922,2025-01-16T13:42:03,1569.88,43,Female,Baguio
1375,2025-01-16T14:31:24,656.66,48,Male,Cebu
167,2025-01-16T17:09:20,244.29,40,Male,Cebu
1828,2025-01-16T17:43:12,549.92,35,Female,Davao
1979,2025-01-16T19:37:26,530.01,58,Female,Makati
469,2025-01-16T20:45:14,1059.53,64,Female,Quezon City
1677,2025-01-16T20:46:47,473.02,30,Female,Iloilo
620,2025-01-16T20:56:21,51.16,39,Female,Makati
318,2025-01-16T21:43:16,257.53,54,Female,Baguio
923,2025-01-17T07:20:15,714.95,33,Male,Davao
1980,2025-01-17T08:54:44,710.75,63,Female,Davao
1527,2025-01-17T11:47:14,527.42,30,Male,Baguio
1376,2025-01-17T13:51:39,46.12,54,Female,Iloilo
1225,2025-01-17T14:23:50,1194.72,20,Female,Quezon City
1678,2025-01-17T15:40:52,475.07,53,Female,Davao
168,2025-01-17T15:48:41,108.6,52,Male,Pasig
1829,2025-01-17T15:58:13,167.1,23,Female,Baguio
319,2025-01-17T16:00:25,86.78,49,Female,Makati
17,2025-01-17T16:41:24,743.56,25,Female,Iloilo
1074,2025-01-17T17:12:17,313.09,29,Male,Pasig
470,2025-01-17T19:37:34,728.56,18,Male,Baguio
772,2025-01-17T20:03:26,1356.41,34,Male,Manila
621,2025-01-17T22:11:16,1143.28,60,Female,Quezon City
1377,2025-01-18T08:36:10,798.4,27,Female,Iloilo
1528,2025-01-18T09:43:18,355.17,58,Male,Cebu
1226,2025-01-18T09:50:28,537.07,51,Female,Pasig
320,2025-01-18T11:05:58,1295.65,64,Male,Makati
773,2025-01-18T12:26:30,509.1,25,Female,Baguio
471,2025-01-18T12:42:46,1142.15,43,Female,Pasig
1981,2025-01-18T13:42:53,302.02,58,Male,Baguio
1830,2025-01-18T14:25:21,1329.62,42,Male,Makati
18,2025-01-18T15:49:39,40.45,21,Female,Quezon City
622,2025-01-18T16:21:46,829.99,45,Male,Cebu
1075,2025-01-18T17:26:01,1487.53,39,Female,Davao
169,2025-01-18T19:23:03,303.32,45,Male,Manila
1679,2025-01-18T20:34:09,1001.73,43,Male,Makati
924,2025-01-18T22:42:08,137.76,21,Male,Manila
1076,2025-01-19T06:25:58,900.31,29,Male,Davao
1831,2025-01-19T06:36:05,844.48,58,Female,Pasig
170,2025-01-19T07:40:10,1050.44,44,Female,Manila
1378,2025-01-19T10:09:14,828.63,46,Male,Cebu
1529,2025-01-19T10:16:14,1051.45,27,Male,Quezon City
472,2025-01-19T12:13:51,688.27,30,Male,Iloilo
1680,2025-01-19T13:24:12,306.68,44,Female,Davao
623,2025-01-19T15:13:28,896.91,33,Female,Quezon City
1982,2025-01-19T15:31:51,679.3,44,Female,Baguio
321,2025-01-19T16:42:55,492.4,33,Female,Iloilo
925,2025-01-19T16:45:41,984.15,44,Female,Quezon City
1227,2025-01-19T19:30:53,836.88,53,Female,Baguio
774,2025-01-19T20:45:59,387.2,57,Male,Makati
19,2025-01-19T21:46:44,114.7,45,Female,Baguio
624,2025-01-20T06:24:07,1273.11,18,Male,Manila
171,2025-01-20T07:15:14,332.4,63,Male,Manila
926,2025-01-20T07:42:47,931.47,46,Female,Iloilo
1832,2025-01-20T08:01:43,980.5,48,Female,Iloilo
1983,2025-01-20T08:12:03,689.48,47,Female,Makati
1681,2025-01-20T08:41:23,927.77,41,Female,Cebu
775,2025-01-20T10:16:22,712.44,43,Male,Davao
20,2025-01-20T13:14:25,1341.06,52,Male,Iloilo
1228,2025-01-20T14:02:37,101.73,39,Male,Iloilo
1379,2025-01-20T17:21:43,1835.68,27,Male,Davao
1077,2025-01-20T18:31:28,852.73,35,Male,Pasig
1530,2025-01-20T20:14:45,887.94,38,Male,Manila
322,2025-01-20T22:23:57,798.25,58,Male,Quezon City
473,2025-01-20T22:27:29,108.38,25,Male,Quezon City
474,2025-01-21T06:30:24,475.75,49,Female,Pasig
1984,2025-01-21T07:27:25,1410.75,56,Female,Davao
1380,2025-01-21T08:02:07,442.35,36,Male,Manila
323,2025-01-21T08:45:54,856.63,57,Female,Makati
172,2025-01-21T09:39:03,378.12,58,Male,Baguio
1682,2025-01-21T10:43:46,698.16,51,Female,Manila
1078,2025-01-21T11:17:05,200.34,18,Female,Makati
625,2025-01-21T13:36:59,202.98,22,Female,Quezon City
776,2025-01-21T16:55:48,492.61,38,Female,Baguio
1229,2025-01-21T17:02:03,590.2,37,Female,Makati
1531,2025-01-21T18:12:51,542.53,31,Male,Iloilo
21,2025-01-21T18:29:06,187.56,30,Female,Baguio
1833,2025-01-21T20:38:00,1633.24,51,Male,Baguio
927,2025-01-21T20:46:20,822.12,38,Male,Quezon City
1985,2025-01-22T06:13:21,944.05,36,Male,Baguio
1532,2025-01-22T06:45:26,436.3,52,Female,Pasig
324,2025-01-22T07:05:42,62.64,29,Male,Davao
475,2025-01-22T09:36:31,1426.73,25,Male,Iloilo
1834,2025-01-22T11:20:28,660.55,47,Male,Quezon City
173,2025-01-22T11:42:32,467.11,61,Female,Pasig
1381,2025-01-22T12:01:06,282.29,54,Female,Quezon City
1683,2025-01-22T12:04:03,1242.6,30,Female,Baguio
1079,2025-01-22T13:00:05,339.96,50,Female,Baguio
928,2025-01-22T16:13:24,1489.56,52,Female,Cebu
777,2025-01-22T16:14:45,591.06,63,Female,Iloilo
626,2025-01-22T17:31:30,1191.5,19,Female,Cebu
1230,2025-01-22T19:53:06,622.56,20,Female,Manila
22,2025-01-22T21:23:14,193.5,62,Male,Davao
1835,2025-01-23T07:21:05,686.37,49,Female,Makati
778,2025-01-23T08:13:07,600.51,62,Female,Davao
476,2025-01-23T09:13:22,246.75,61,Male,Manila
1533,2025-01-23T09:49:34,568.32,20,Male,Iloilo
174,2025-01-23T10:47:30,695.5,62,Female,Cebu
627,2025-01-23T10:50:07,314.68,36,Male,Cebu
1080,2025-01-23T11:13:31,1565.83,23,Male,Davao
1684,2025-01-23T11:42:16,580.02,45,Female,Manila
1986,2025-01-23T12:38:27,720.27,35,Male,Pasig
929,2025-01-23T14:14:14,1672.41,46,Female,Baguio
1382,2025-01-23T14:14:39,1325.68,55,Female,Pasig
1231,2025-01-23T14:36:24,1079.8,23,Female,Cebu
23,2025-01-23T19:38:31,607.4,18,Female,Manila
325,2025-01-23T20:16:50,360.4,61,Female,Makati
1836,2025-01-24T09:36:13,847.41,42,Female,Davao
1534,2025-01-24T09:44:45,454.18,42,Female,Baguio
1685,2025-01-24T10:17:42,171.3,58,Female,Baguio
779,2025-01-24T10:47:19,205.18,49,Female,Makati
477,2025-01-24T10:57:27,376.48,23,Male,Iloilo
930,2025-01-24T12:30:31,1138.15,30,Female,Davao
1081,2025-01-24T14:12:34,1216.11,41,Male,Quezon City
1987,2025-01-24T16:32:15,782.94,53,Male,Pasig
1232,2025-01-24T17:22:21,765.58,32,Female,Quezon City
1383,2025-01-24T17:22:55,66.16,58,Female,Cebu
326,2025-01-24T19:44:36,1474.77,50,Female,Makati
628,2025-01-24T19:46:17,698.8,44,Female,Pasig
175,2025-01-24T21:45:49,480.43,20,Female,Pasig
24,2025-01-24T22:08:55,36.47,34,Male,Baguio
629,2025-01-25T07:21:34,1748.78,52,Female,Cebu
1233,2025-01-25T08:55:50,707.26,48,Female,Davao
931,2025-01-25T09:18:41,808.45,32,Male,Davao
1686,2025-01-25T10:48:38,471.06,46,Female,Cebu
25,2025-01-25T11:18:35,377.29,30,Male,Iloilo
780,2025-01-25T14:22:11,184.15,46,Female,Cebu
1082,2025-01-25T16:17:38,1027.38,40,Male,Baguio
1535,2025-01-25T16:27:23,504.24,23,Female,Iloilo
1837,2025-01-25T17:22:03,626.55,55,Male,Iloilo
327,2025-01-25T19:54:55,149.14,34,Male,Makati
176,2025-01-25T21:02:49,1158.16,59,Male,Iloilo
1988,2025-01-25T21:31:41,180.37,64,Male,Manila
478,2025-01-25T22:14:53,98.51,46,Female,Davao
1384,2025-01-25T22:36:11,376.06,42,Male,Quezon City
1989,2025-01-26T06:14:08,704.45,20,Female,Iloilo
1083,2025-01-26T07:24:49,824.52,44,Female,Pasig
1385,2025-01-26T11:44:43,1328.2,33,Female,Manila
328,2025-01-26T13:45:54,112.43,30,Male,Iloilo
781,2025-01-26T14:40:50,374.02,40,Male,Baguio
177,2025-01-26T15:29:00,805.48,52,Female,Quezon City
932,2025-01-26T15:54:54,1243.39,22,Male,Quezon City
26,2025-01-26T16:48:51,728.11,55,Female,Cebu
630,2025-01-26T17:06:30,628.89,64,Female,Iloilo
1687,2025-01-26T17:14:42,611.4,50,Male,Manila
1234,2025-01-26T18:07:10,846.08,29,Male,Makati
479,2025-01-26T18:17:12,794.7,55,Female,Manila
1838,2025-01-26T18:17:37,98.29,53,Male,Quezon City
1536,2025-01-26T22:19:36,895.05,61,Female,Iloilo
631,2025-01-27T06:20:15,425.76,52,Male,Cebu
1537,2025-01-27T07:27:12,591.94,53,Female,Makati
1235,2025-01-27T09:38:51,373.5,47,Female,Quezon City
933,2025-01-27T09:39:10,827.01,35,Male,Davao
1688,2025-01-27T13:32:14,1077.23,51,Male,Manila
782,2025-01-27T14:19:07,1406.9,26,Female,Davao
1386,2025-01-27T14:27:08,1660.83,51,Male,Makati
1839,2025-01-27T14:33:14,896.81,25,Female,Davao
1084,2025-01-27T14:47:29,1064.51,57,Male,Pasig
27,2025-01-27T15:41:17,720.12,40,Female,Baguio
329,2025-01-27T16:41:25,149.54,44,Male,Cebu
480,2025-01-27T17:38:57,669.89,56,Female,Quezon City
178,2025-01-27T19:13:54,199.16,35,Female,Manila
1990,2025-01-27T21:31:40,1079.51,55,Male,Cebu
1840,2025-01-28T06:57:02,552.9,33,Male,Manila
783,2025-01-28T08:52:22,115.74,20,Female,Quezon City
179,2025-01-28T11:44:31,1308.15,47,Male,Manila
330,2025-01-28T12:57:44,904.98,39,Male,Pasig
1689,2025-01-28T13:29:54,91.74,60,Male,Quezon City
1991,2025-01-28T14:44:20,984.42,27,Female,Baguio
934,2025-01-28T14:47:51,500.71,18,Male,Cebu
632,2025-01-28T15:09:52,458.56,30,Male,Pasig
1387,2025-01-28T16:18:15,282.5,24,Female,Makati
1236,2025-01-28T17:04:16,401.37,62,Female,Pasig
1538,2025-01-28T17:37:33,183.06,28,Male,Manila
28,2025-01-28T19:11:24,1445.15,63,Female,Manila
1085,2025-01-28T20:29:45,151.99,54,Female,Pasig
481,2025-01-28T21:46:31,695.99,45,Female,Quezon City
1539,2025-01-29T06:20:44,545.54,48,Female,Baguio
1388,2025-01-29T06:31:21,694.84,64,Male,Iloilo
1841,2025-01-29T07:56:45,1135.62,38,Male,Makati
935,2025-01-29T08:34:38,1229.19,35,Female,Cebu
1237,2025-01-29T09:19:49,741.79,45,Female,Baguio
1086,2025-01-29T09:25:22,1061.46,52,Male,Cebu
633,2025-01-29T10:56:00,844.96,21,Male,Baguio
1992,2025-01-29T13:01:27,590.21,47,Male,Iloilo
29,2025-01-29T13:06:30,562.47,52,Male,Manila
784,2025-01-29T14:21:01,89.28,34,Male,Cebu
180,2025-01-29T14:42:24,1262.97,59,Female,Baguio
1690,2025-01-29T15:32:16,904.64,51,Male,Davao
331,2025-01-29T17:13:24,159.48,23,Male,Pasig
482,2025-01-29T22:18:46,884.82,49,Female,Quezon City
785,2025-01-30T08:24:05,533.71,24,Male,Quezon City
483,2025-01-30T11:00:30,502.67,38,Female,Makati
1238,2025-01-30T11:11:08,107.98,19,Female,Cebu
1540,2025-01-30T12:39:25,276.52,56,Female,Makati
1993,2025-01-30T13:02:48,1259.66,25,Female,Makati
1389,2025-01-30T13:09:05,720.03,49,Male,Pasig
1087,2025-01-30T14:13:19,956.84,19,Female,Davao
634,2025-01-30T18:08:16,722.73,49,Male,Manila
1691,2025-01-30T18:52:50,1299.71,53,Male,Cebu
1842,2025-01-30T19:11:47,410.72,28,Male,Iloilo
30,2025-01-30T19:44:07,354.42,31,Female,Pasig
332,2025-01-30T20:43:49,554.1,53,Male,Iloilo
936,2025-01-30T21:27:57,902.19,40,Male,Baguio
181,2025-01-30T21:28:11,1378.26,50,Male,Quezon City
1843,2025-01-31T06:25:23,569.91,28,Male,Pasig
937,2025-01-31T06:56:23,1663.57,43,Male,Iloilo
1692,2025-01-31T08:16:50,96.09,38,Male,Manila
1390,2025-01-31T08:56:02,1090.75,24,Male,Baguio
786,2025-01-31T09:01:08,750.44,40,Male,Makati
635,2025-01-31T13:06:59,1079.06,43,Female,Baguio
182,2025-01-31T14:02:09,1837.02,53,Female,Cebu
1239,2025-01-31T15:59:44,764.91,37,Male,Davao
31,2025-01-31T17:04:53,1023.17,38,Male,Cebu
1541,2025-01-31T17:34:12,1093.74,28,Female,Manila
484,2025-01-31T18:39:48,165.89,59,Male,Davao
1994,2025-01-31T18:46:34,261.33,33,Female,Davao
333,2025-01-31T21:40:41,466.77,62,Female,Cebu
1088,2025-01-31T22:34:18,1330.06,59,Male,Baguio
938,2025-02-01T06:28:03,936.66,23,Male,Manila
1089,2025-02-01T06:59:13,507.52,23,Female,Manila
183,2025-02-01T10:26:36,780.04,19,Male,Davao
1240,2025-02-01T10:31:13,200.9,52,Male,Baguio
1844,2025-02-01T11:38:44,196.56,33,Male,Cebu
485,2025-02-01T11:53:12,151.17,43,Male,Baguio
1542,2025-02-01T12:17:59,922.72,29,Male,Iloilo
1391,2025-02-01T12:18:47,768.83,29,Female,Baguio
1693,2025-02-01T13:01:13,1161.18,38,Female,Baguio
334,2025-02-01T16:05:37,1701.19,47,Female,Quezon City
1995,2025-02-01T16:41:56,196.95,50,Male,Pasig
787,2025-02-01T19:31:04,842.0,61,Male,Makati
636,2025-02-01T19:34:45,309.12,65,Male,Makati
32,2025-02-01T22:14:34,773.36,62,Female,Pasig
184,2025-02-02T06:08:50,903.7,53,Female,Cebu
335,2025-02-02T08:07:49,791.66,41,Male,Davao
788,2025-02-02T10:21:49,1121.46,26,Female,Baguio
33,2025-02-02T12:47:13,920.84,64,Female,Makati
1694,2025-02-02T16:19:52,427.96,53,Male,Cebu
1543,2025-02-02T16:26:29,395.35,34,Female,Quezon City
637,2025-02-02T19:27:41,546.37,43,Male,Manila
939,2025-02-02T19:48:11,1460.89,24,Male,Davao
1996,2025-02-02T21:52:24,778.75,50,Female,Cebu
486,2025-02-02T22:01:22,980.43,19,Male,Davao
1392,2025-02-02T22:07:07,1242.24,63,Female,Iloilo
1845,2025-02-02T22:37:13,453.23,19,Female,Baguio
1241,2025-02-02T22:44:54,827.93,42,Female,Davao
1090,2025-02-02T22:47:02,673.52,56,Male,Davao
336,2025-02-03T06:13:34,1693.7,61,Female,Quezon City
1997,2025-02-03T07:31:52,306.08,29,Female,Quezon City
1695,2025-02-03T07:56:15,703.6,52,Female,Iloilo
1091,2025-02-03T08:47:36,1832.93,61,Female,Cebu
34,2025-02-03T09:24:27,727.6,58,Male,Cebu
638,2025-02-03T10:22:17,562.3,24,Female,Davao
1544,2025-02-03T12:14:56,249.09,29,Female,Baguio
789,2025-02-03T12:43:41,841.7,59,Female,Quezon City
1846,2025-02-03T14:44:42,879.66,53,Male,Davao
940,2025-02-03T16:28:43,424.78,21,Male,Baguio
1393,2025-02-03T18:25:51,290.76,23,Female,Iloilo
487,2025-02-03T20:06:55,828.75,54,Female,Iloilo
185,2025-02-03T20:12:41,881.76,26,Female,Pasig
1242,2025-02-03T20:43:03,284.86,26,Female,Davao
186,2025-02-04T06:00:10,241.64,32,Female,Makati
1394,2025-02-04T06:05:14,1449.56,28,Female,Makati
1998,2025-02-04T07:04:41,56.6,55,Male,Makati
790,2025-02-04T09:08:50,644.03,63,Female,Baguio
35,2025-02-04T09:19:06,875.6,36,Female,Cebu
1847,2025-02-04T10:11:54,712.94,40,Male,Iloilo
337,2025-02-04T15:10:16,1183.58,54,Male,Manila
1696,2025-02-04T17:13:22,990.32,30,Female,Quezon City
941,2025-02-04T20:39:45,868.79,61,Male,Manila
1243,2025-02-04T21:01:15,407.31,19,Male,Makati
1092,2025-02-04T21:07:11,785.85,63,Male,Iloilo
1545,2025-02-04T21:22:06,996.82,32,Female,Davao
488,2025-02-04T21:26:43,1196.06,31,Male,Pasig
639,2025-02-04T21:31:00,102.48,24,Female,Iloilo
1546,2025-02-05T07:39:12,26.67,26,Female,Quezon City
1999,2025-02-05T07:46:59,724.13,42,Female,Quezon City
489,2025-02-05T08:03:37,713.29,30,Male,Cebu
1697,2025-02-05T09:02:59,1878.06,33,Female,Quezon City
1848,2025-02-05T09:44:40,433.23,40,Female,Baguio
640,2025-02-05T09:49:11,265.63,57,Male,Iloilo
791,2025-02-05T10:43:53,939.96,59,Male,Pasig
1395,2025-02-05T11:02:43,925.87,45,Female,Iloilo
187,2025-02-05T11:14:05,679.22,35,Male,Iloilo
338,2025-02-05T12:28:52,1242.55,59,Female,Pasig
1244,2025-02-05T15:11:53,800.92,48,Male,Cebu
1093,2025-02-05T16:18:56,29.68,53,Male,Cebu
36,2025-02-05T17:49:32,711.9,21,Male,Cebu
942,2025-02-05T19:09:01,257.24,56,Female,Quezon City
1245,2025-02-06T06:46:09,1258.03,46,Female,Manila
641,2025-02-06T07:00:53,379.39,42,Male,Davao
2000,2025-02-06T07:17:18,1088.27,51,Female,Iloilo
37,2025-02-06T08:55:51,136.69,18,Male,Davao
1547,2025-02-06T09:04:45,1017.81,41,Female,Cebu
792,2025-02-06T11:44:24,1077.91,36,Female,Davao
1698,2025-02-06T14:28:08,657.66,44,Female,Pasig
1396,2025-02-06T15:42:34,528.42,61,Female,Manila
1849,2025-02-06T15:53:51,398.4,21,Female,Pasig
490,2025-02-06T16:48:43,265.07,34,Female,Iloilo
1094,2025-02-06T17:03:10,22.16,56,Male,Manila
339,2025-02-06T21:35:05,868.78,52,Female,Quezon City
188,2025-02-06T22:11:09,559.52,54,Female,Makati
943,2025-02-06T22:58:36,965.88,56,Female,Iloilo
38,2025-02-07T07:47:12,655.21,30,Male,Cebu
1850,2025-02-07T08:19:16,819.16,51,Male,Quezon City
1397,2025-02-07T11:46:19,1045.28,21,Female,Cebu
642,2025-02-07T12:32:15,1135.06,65,Male,Makati
491,2025-02-07T12:43:56,560.55,64,Male,Baguio
189,2025-02-07T13:16:43,871.72,31,Female,Quezon City
1246,2025-02-07T13:20:50,375.8,25,Female,Makati
793,2025-02-07T15:34:10,67.14,23,Male,Pasig
1699,2025-02-07T16:18:00,584.88,54,Male,Davao
340,2025-02-07T19:04:26,356.32,44,Female,Iloilo
1095,2025-02-07T19:19:52,459.68,46,Male,Quezon City
1548,2025-02-07T19:35:25,821.48,30,Female,Cebu
944,2025-02-07T22:21:29,1218.45,65,Female,Cebu
1549,2025-02-08T09:03:18,660.86,32,Female,Baguio
39,2025-02-08T09:15:33,832.85,22,Male,Baguio
492,2025-02-08T10:31:31,333.36,57,Male,Pasig
1700,2025-02-08T11:23:24,1162.5,34,Male,Makati
190,2025-02-08T16:15:00,491.72,55,Female,Quezon City
1247,2025-02-08T16:32:28,848.27,35,Female,Baguio
1851,2025-02-08T17:21:35,454.48,29,Male,Manila
643,2025-02-08T19:25:58,821.1,35,Male,Davao
945,2025-02-08T19:58:53,162.15,51,Male,Pasig
341,2025-02-08T20:40:40,400.38,43,Male,Makati
794,2025-02-08T22:38:27,633.52,42,Female,Cebu
1398,2025-02-08T22:46:22,1071.49,33,Male,Quezon City
1096,2025-02-08T22:53:05,1011.03,20,Male,Baguio
191,2025-02-09T10:35:42,899.69,34,Female,Davao
342,2025-02-09T11:16:49,927.43,50,Female,Quezon City
795,2025-02-09T11:52:38,639.71,30,Female,Makati
1399,2025-02-09T14:27:05,752.48,28,Male,Pasig
40,2025-02-09T15:53:41,341.01,54,Female,Iloilo
1248,2025-02-09T16:23:38,401.54,65,Male,Pasig
493,2025-02-09T18:01:03,596.87,35,Male,Manila
644,2025-02-09T18:05:46,519.4,26,Female,Pasig
1097,2025-02-09T18:25:19,1920.35,47,Male,Baguio
946,2025-02-09T18:40:30,910.77,47,Male,Quezon City
1701,2025-02-09T20:07:27,215.98,27,Female,Cebu
1550,2025-02-09T20:55:30,467.14,43,Male,Cebu
1852,2025-02-09T22:29:31,536.62,26,Female,Makati
1098,2025-02-10T07:33:51,375.95,58,Male,Makati
1853,2025-02-10T07:36:28,1238.27,62,Female,Baguio
947,2025-02-10T08:29:02,1716.13,52,Female,Baguio
192,2025-02-10T09:43:11,800.24,48,Male,Quezon City
343,2025-02-10T11:10:40,753.68,35,Female,Makati
1249,2025-02-10T14:05:54,441.66,41,Female,Cebu
41,2025-02-10T16:52:32,336.06,32,Female,Baguio
1702,2025-02-10T18:55:16,902.86,25,Female,Baguio
796,2025-02-10T19:44:14,633.62,37,Female,Manila
1400,2025-02-10T19:46:27,197.52,21,Male,Manila
645,2025-02-10T20:00:17,1162.16,38,Female,Quezon City
494,2025-02-10T22:21:40,1089.6,19,Female,Cebu
1551,2025-02-10T22:58:39,459.28,60,Female,Cebu
495,2025-02-11T06:30:44,705.44,26,Female,Cebu
344,2025-02-11T07:47:55,297.52,36,Female,Cebu
797,2025-02-11T08:23:33,445.55,18,Male,Iloilo
1552,2025-02-11T08:25:11,266.61,49,Female,Manila
193,2025-02-11T09:29:26,1561.63,39,Female,Manila
1854,2025-02-11T09:38:21,149.28,21,Female,Pasig
1401,2025-02-11T12:56:04,1439.74,38,Female,Baguio
948,2025-02-11T14:39:59,248.95,41,Male,Cebu
1099,2025-02-11T15:02:03,683.03,38,Male,Cebu
1703,2025-02-11T17:18:45,473.44,48,Male,Quezon City
42,2025-02-11T19:41:05,1138.89,27,Female,Makati
1250,2025-02-11T21:23:36,2015.61,18,Female,Quezon City
646,2025-02-11T22:23:31,630.07,20,Female,Cebu
1704,2025-02-12T06:48:27,1256.2,40,Female,Quezon City
496,2025-02-12T07:23:24,428.99,23,Female,Baguio
647,2025-02-12T08:01:11,166.43,50,Male,Iloilo
345,2025-02-12T09:03:48,1125.74,36,Female,Cebu
1855,2025-02-12T10:23:29,824.27,22,Female,Makati
949,2025-02-12T13:29:41,2255.84,54,Male,Davao
1553,2025-02-12T13:38:57,102.23,59,Female,Quezon City
798,2025-02-12T16:29:22,597.29,21,Female,Manila
43,2025-02-12T16:43:16,1279.24,53,Male,Quezon City
1100,2025-02-12T17:52:45,80.36,32,Male,Manila
194,2025-02-12T17:56:37,998.79,26,Male,Pasig
1251,2025-02-12T20:28:12,1503.13,51,Male,Baguio
1402,2025-02-12T21:29:56,414.1,36,Female,Iloilo
799,2025-02-13T06:32:15,399.4,23,Female,Manila
950,2025-02-13T07:01:47,559.65,43,Male,Davao
195,2025-02-13T07:06:11,459.73,25,Female,Davao
346,2025-02-13T08:31:31,691.99,47,Female,Pasig
497,2025-02-13T08:49:55,957.39,20,Female,Manila
1101,2025-02-13T09:24:06,388.5,28,Male,Baguio
648,2025-02-13T11:21:45,634.74,41,Male,Makati
1856,2025-02-13T13:40:45,715.44,41,Male,Quezon City
1705,2025-02-13T14:25:18,1079.69,45,Male,Manila
1554,2025-02-13T14:51:16,904.84,59,Male,Davao
1403,2025-02-13T17:21:02,662.65,34,Male,Pasig
1252,2025-02-13T19:22:24,337.43,57,Female,Baguio
44,2025-02-13T22:29:20,1477.84,25,Male,Pasig
800,2025-02-14T08:04:34,563.42,23,Male,Davao
951,2025-02-14T08:50:52,134.1,32,Male,Pasig
1555,2025-02-14T09:15:03,862.76,57,Male,Pasig
1857,2025-02-14T09:37:08,1149.09,33,Male,Davao
1253,2025-02-14T09:44:11,537.84,40,Female,Davao
649,2025-02-14T12:21:33,329.46,60,Male,Iloilo
1102,2025-02-14T13:05:46,1047.9,52,Female,Manila
196,2025-02-14T13:26:59,386.6,52,Female,Davao
1404,2025-02-14T15:32:18,357.8,43,Male,Davao
45,2025-02-14T16:47:00,373.63,31,Female,Davao
1706,2025-02-14T18:30:37,611.43,18,Female,Makati
498,2025-02-14T19:43:05,1917.37,59,Male,Baguio
347,2025-02-14T22:50:27,1159.83,30,Male,Davao
1707,2025-02-15T08:01:37,532.42,34,Female,Cebu
801,2025-02-15T08:07:36,324.04,65,Female,Davao
1858,2025-02-15T08:46:57,957.29,65,Male,Davao
1103,2025-02-15T09:48:34,146.79,33,Male,Makati
46,2025-02-15T11:30:30,968.2,27,Male,Cebu
1405,2025-02-15T13:19:58,620.61,58,Male,Pasig
952,2025-02-15T16:11:10,150.78,20,Male,Manila
1556,2025-02-15T16:21:58,1413.14,18,Male,Quezon City
1254,2025-02-15T17:12:02,200.37,59,Male,Baguio
499,2025-02-15T18:09:23,1429.05,51,Male,Pasig
650,2025-02-15T19:39:35,289.44,37,Male,Manila
197,2025-02-15T21:03:14,600.33,37,Male,Baguio
348,2025-02-15T22:57:31,998.7,62,Female,Makati
1104,2025-02-16T07:36:30,682.42,32,Female,Manila
198,2025-02-16T09:41:22,745.36,35,Male,Makati
651,2025-02-16T10:09:29,301.89,56,Male,Makati
1859,2025-02-16T11:05:05,127.35,43,Female,Quezon City
1557,2025-02-16T16:32:02,858.48,47,Male,Quezon City
802,2025-02-16T16:32:50,379.8,57,Male,Davao
47,2025-02-16T18:04:30,862.03,20,Female,Baguio
500,2025-02-16T19:04:24,876.07,26,Male,Manila
1255,2025-02-16T20:11:51,455.91,60,Male,Iloilo
953,2025-02-16T20:19:26,1336.86,45,Female,Iloilo
349,2025-02-16T20:49:11,343.74,40,Male,Pasig
1406,2025-02-16T21:19:32,1265.19,25,Male,Pasig
1708,2025-02-16T22:10:23,19.39,54,Female,Iloilo
1860,2025-02-17T06:35:31,245.02,19,Male,Makati
1407,2025-02-17T06:53:30,136.63,27,Male,Baguio
803,2025-02-17T07:17:09,1764.73,26,Male,Quezon City
48,2025-02-17T10:30:36,1747.35,34,Male,Baguio
954,2025-02-17T10:37:12,1813.29,27,Male,Manila
199,2025-02-17T11:28:43,950.98,57,Male,Pasig
1709,2025-02-17T12:10:11,329.19,24,Male,Iloilo
1558,2025-02-17T15:13:34,713.54,47,Male,Quezon City
1105,2025-02-17T19:18:07,453.59,24,Male,Davao
1256,2025-02-17T20:12:32,576.26,18,Male,Makati
350,2025-02-17T20:15:19,327.17,42,Female,Makati
652,2025-02-17T21:33:37,911.61,56,Female,Davao
501,2025-02-17T22:24:39,345.86,21,Male,Pasig
804,2025-02-18T07:03:44,139.47,61,Male,Pasig
653,2025-02-18T08:40:26,332.48,62,Male,Manila
502,2025-02-18T09:30:56,522.46,39,Female,Quezon City
1257,2025-02-18T09:42:53,1329.69,22,Female,Iloilo
1861,2025-02-18T09:58:02,58.89,60,Female,Iloilo
1710,2025-02-18T11:55:57,540.44,19,Male,Baguio
351,2025-02-18T12:13:02,966.07,46,Male,Quezon City
1559,2025-02-18T12:44:38,177.7,57,Female,Iloilo
200,2025-02-18T16:30:26,629.66,53,Male,Pasig
1408,2025-02-18T17:11:44,950.52,64,Male,Davao
49,2025-02-18T17:34:26,651.94,22,Female,Baguio
955,2025-02-18T21:24:47,642.87,63,Male,Quezon City
1106,2025-02-18T22:11:17,707.98,32,Male,Iloilo
1409,2025-02-19T06:43:05,469.68,45,Male,Manila
1560,2025-02-19T10:38:31,1406.14,18,Male,Cebu
1107,2025-02-19T10:52:08,310.92,59,Female,Cebu
1711,2025-02-19T12:18:33,346.98,41,Male,Iloilo
1258,2025-02-19T12:50:28,1090.51,26,Male,Iloilo
956,2025-02-19T13:14:18,259.48,47,Male,Makati
805,2025-02-19T13:23:28,937.03,41,Male,Pasig
1862,2025-02-19T14:15:20,721.83,34,Female,Makati
50,2025-02-19T16:02:29,307.74,35,Female,Baguio
352,2025-02-19T17:49:04,491.99,61,Female,Manila
654,2025-02-19T19:38:55,1265.4,59,Female,Cebu
201,2025-02-19T20:08:03,392.28,59,Male,Iloilo
503,2025-02-19T22:31:43,1379.18,27,Female,Manila
353,2025-02-20T07:32:50,1482.77,18,Male,Manila
202,2025-02-20T08:08:01,1179.25,54,Female,Pasig
504,2025-02-20T08:40:54,761.79,27,Female,Quezon City
1108,2025-02-20T08:42:38,882.9,28,Male,Baguio
957,2025-02-20T10:50:57,264.46,35,Female,Manila
806,2025-02-20T12:38:58,397.95,58,Female,Iloilo
1712,2025-02-20T13:50:37,1160.41,25,Female,Quezon City
655,2025-02-20T14:37:45,1827.64,49,Male,Iloilo
1259,2025-02-20T15:05:20,349.54,40,Female,Cebu
1561,2025-02-20T17:51:35,1049.57,28,Male,Cebu
51,2025-02-20T18:48:54,600.52,50,Female,Manila
1863,2025-02-20T19:02:45,485.13,60,Male,Iloilo
1410,2025-02-20T20:51:17,634.08,26,Male,Davao
1109,2025-02-21T07:52:22,488.2,23,Female,Davao
656,2025-02-21T08:58:31,1310.2,25,Female,Manila
203,2025-02-21T09:21:46,1003.43,23,Male,Cebu
958,2025-02-21T09:33:39,188.73,35,Male,Cebu
1864,2025-02-21T10:06:49,1096.41,44,Male,Quezon City
354,2025-02-21T12:27:50,403.44,27,Female,Iloilo
1411,2025-02-21T13:31:28,1121.67,43,Female,Manila
1260,2025-02-21T16:47:37,315.24,46,Female,Pasig
807,2025-02-21T16:50:46,14.12,60,Male,Iloilo
1713,2025-02-21T19:12:28,860.65,55,Male,Baguio
52,2025-02-21T19:22:40,438.48,44,Male,Quezon City
505,2025-02-21T22:05:21,393.99,25,Female,Cebu
1562,2025-02-21T22:59:37,1963.72,26,Female,Baguio
808,2025-02-22T07:38:57,530.84,54,Female,Baguio
1865,2025-02-22T08:47:08,1141.0,34,Male,Makati
53,2025-02-22T09:07:01,105.07,29,Male,Quezon City
506,2025-02-22T09:14:24,757.71,50,Female,Quezon City
959,2025-02-22T09:40:08,842.15,19,Male,Cebu
1261,2025-02-22T12:33:23,507.22,60,Male,Manila
657,2025-02-22T13:14:47,350.49,49,Male,Pasig
1714,2025-02-22T14:18:27,798.92,34,Male,Baguio
1110,2025-02-22T18:44:07,443.82,34,Male,Iloilo
1412,2025-02-22T18:56:21,1007.27,32,Female,Cebu
204,2025-02-22T19:44:27,73.07,20,Female,Quezon City
1563,2025-02-22T22:27:37,1081.75,50,Male,Makati
355,2025-02-22T22:47:40,292.22,38,Male,Manila
1866,2025-02-23T06:10:15,606.4,25,Male,Baguio
54,2025-02-23T06:22:54,307.42,64,Male,Cebu
1715,2025-02-23T06:41:04,718.29,38,Female,Quezon City
1564,2025-02-23T09:05:44,868.04,38,Male,Pasig
1413,2025-02-23T09:32:44,924.23,51,Male,Iloilo
1111,2025-02-23T10:01:27,720.19,61,Male,Manila
960,2025-02-23T10:33:55,1463.53,24,Female,Cebu
356,2025-02-23T12:05:58,348.61,33,Female,Manila
507,2025-02-23T13:26:22,709.16,30,Male,Quezon City
1262,2025-02-23T14:59:27,481.12,62,Male,Pasig
658,2025-02-23T16:34:28,166.21,57,Male,Davao
809,2025-02-23T17:23:44,648.27,26,Female,Pasig
205,2025-02-23T18:50:02,73.92,34,Female,Iloilo
1716,2025-02-24T07:12:16,845.34,62,Male,Cebu
1414,2025-02-24T07:28:31,1012.95,51,Female,Pasig
1565,2025-02-24T08:08:18,1452.02,52,Male,Davao
508,2025-02-24T11:30:56,759.0,57,Male,Pasig
810,2025-02-24T11:35:44,912.94,63,Male,Iloilo
1867,2025-02-24T12:48:31,310.64,59,Female,Baguio
1112,2025-02-24T13:53:39,495.99,25,Male,Cebu
357,2025-02-24T14:34:17,32.77,63,Male,Baguio
659,2025-02-24T15:15:57,884.24,50,Male,Iloilo
55,2025-02-24T20:53:27,538.15,29,Female,Davao
961,2025-02-24T21:01:50,507.98,35,Male,Makati
206,2025-02-24T21:42:57,56.22,48,Male,Iloilo
1263,2025-02-24T21:55:15,337.89,40,Female,Pasig
207,2025-02-25T06:47:40,1541.11,50,Female,Baguio
358,2025-02-25T07:09:26,159.59,45,Female,Makati
56,2025-02-25T09:03:24,582.47,47,Male,Quezon City
1868,2025-02-25T09:20:01,235.66,24,Male,Makati
811,2025-02-25T10:24:43,149.99,50,Male,Baguio
962,2025-02-25T16:00:07,384.52,20,Male,Davao
509,2025-02-25T16:04:09,1039.41,55,Female,Iloilo
1415,2025-02-25T16:53:43,615.32,42,Male,Makati
1566,2025-02-25T17:44:40,112.64,29,Female,Pasig
1113,2025-02-25T18:41:57,29.48,39,Male,Pasig
660,2025-02-25T19:28:33,755.51,55,Male,Quezon City
1717,2025-02-25T19:31:14,1301.7,38,Female,Iloilo
1264,2025-02-25T20:19:32,852.72,55,Male,Baguio
661,2025-02-26T06:23:59,1063.59,26,Male,Cebu
510,2025-02-26T09:26:04,667.58,34,Female,Quezon City
1718,2025-02-26T11:16:42,1119.43,43,Female,Makati
1416,2025-02-26T11:56:35,986.92,26,Male,Baguio
359,2025-02-26T12:35:18,391.86,46,Male,Manila
57,2025-02-26T13:24:05,760.17,64,Male,Baguio
963,2025-02-26T16:38:22,318.24,44,Female,Iloilo
1567,2025-02-26T16:44:33,1608.33,34,Male,Manila
1869,2025-02-26T17:20:53,1368.66,44,Male,Davao
208,2025-02-26T19:25:25,341.03,40,Female,Makati
812,2025-02-26T19:46:25,922.25,42,Female,Iloilo
1265,2025-02-26T21:22:01,195.12,55,Female,Pasig
1114,2025-02-26T21:23:12,249.05,45,Female,Davao
1870,2025-02-27T06:03:50,766.93,50,Female,Manila
360,2025-02-27T06:58:09,526.96,33,Female,Pasig
209,2025-02-27T07:45:34,1228.28,64,Female,Makati
662,2025-02-27T09:04:25,52.98,54,Male,Cebu
1115,2025-02-27T09:57:26,613.07,20,Male,Cebu
1719,2025-02-27T12:04:43,1495.56,58,Female,Baguio
1417,2025-02-27T13:12:34,334.71,43,Female,Davao
511,2025-02-27T14:31:34,430.44,51,Female,Davao
964,2025-02-27T14:34:55,736.41,32,Female,Davao
1266,2025-02-27T18:30:06,1057.68,25,Female,Pasig
58,2025-02-27T19:20:22,488.5,33,Male,Baguio
1568,2025-02-27T20:46:02,81.5,25,Male,Pasig
813,2025-02-27T20:47:27,632.45,55,Female,Davao
210,2025-02-28T07:21:48,533.56,62,Female,Quezon City
512,2025-02-28T07:22:52,1159.21,35,Female,Cebu
361,2025-02-28T09:08:49,601.13,23,Male,Makati
1720,2025-02-28T10:11:42,1024.3,44,Female,Baguio
1418,2025-02-28T11:39:46,337.59,36,Male,Pasig
1871,2025-02-28T11:51:28,98.22,45,Male,Manila
814,2025-02-28T14:16:15,1271.26,28,Male,Manila
965,2025-02-28T14:48:37,763.63,30,Male,Makati
1569,2025-02-28T17:45:17,911.29,53,Female,Pasig
1116,2025-02-28T19:25:16,333.3,26,Male,Cebu
59,2025-02-28T20:03:38,509.84,34,Male,Cebu
663,2025-02-28T20:32:05,882.04,63,Male,Makati
1267,2025-02-28T22:34:51,341.9,27,Male,Cebu
966,2025-03-01T06:45:04,439.93,36,Female,Manila
362,2025-03-01T06:51:11,642.06,39,Female,Makati
211,2025-03-01T07:15:42,542.64,51,Female,Iloilo
1721,2025-03-01T07:26:43,221.16,21,Male,Baguio
664,2025-03-01T09:07:43,979.13,50,Female,Quezon City
1419,2025-03-01T09:31:38,1398.34,50,Female,Baguio
815,2025-03-01T13:40:49,384.09,52,Female,Quezon City
1570,2025-03-01T15:01:45,714.05,45,Female,Cebu
60,2025-03-01T15:56:25,384.32,35,Male,Makati
1872,2025-03-01T16:14:52,545.25,37,Female,Pasig
1117,2025-03-01T17:24:15,428.12,44,Female,Makati
1268,2025-03-01T17:51:25,1843.04,19,Male,Manila
513,2025-03-01T21:39:51,445.59,60,Male,Manila
1420,2025-03-02T07:33:52,134.6,60,Male,Baguio
1873,2025-03-02T09:18:40,197.19,61,Female,Quezon City
1118,2025-03-02T09:57:27,1030.1,39,Female,Baguio
363,2025-03-02T10:16:38,1030.55,28,Male,Manila
1269,2025-03-02T11:30:54,1379.91,45,Female,Davao
967,2025-03-02T11:55:26,1198.25,22,Male,Quezon City
816,2025-03-02T15:57:20,126.78,25,Male,Makati
1722,2025-03-02T16:01:45,563.79,37,Female,Cebu
212,2025-03-02T16:44:22,90.58,22,Male,Pasig
61,2025-03-02T18:33:28,190.54,25,Male,Quezon City
1571,2025-03-02T19:54:18,1406.11,62,Male,Manila
665,2025-03-02T20:57:32,440.96,62,Male,Iloilo
514,2025-03-02T21:41:33,1699.9,52,Female,Cebu
1874,2025-03-03T06:26:46,872.86,26,Female,Pasig
666,2025-03-03T07:20:17,147.57,63,Female,Baguio
1723,2025-03-03T07:34:19,1167.57,60,Female,Cebu
817,2025-03-03T08:18:21,1613.73,53,Female,Baguio
1572,2025-03-03T08:40:36,860.94,19,Female,Iloilo
968,2025-03-03T08:45:49,1046.05,44,Male,Manila
1270,2025-03-03T09:09:41,99.78,47,Female,Manila
62,2025-03-03T11:54:34,912.52,55,Male,Cebu
1421,2025-03-03T12:26:53,205.59,23,Female,Makati
515,2025-03-03T15:11:06,805.11,42,Male,Cebu
1119,2025-03-03T16:40:18,261.28,20,Female,Davao
213,2025-03-03T17:50:03,339.44,40,Male,Manila
364,2025-03-03T20:24:17,951.9,51,Male,Cebu
818,2025-03-04T06:21:16,141.05,28,Female,Cebu
365,2025-03-04T06:25:15,1286.51,40,Male,Baguio
969,2025-03-04T07:24:32,366.27,35,Male,Quezon City
667,2025-03-04T08:39:49,429.48,61,Male,Pasig
1120,2025-03-04T09:05:56,174.79,55,Female,Pasig
1875,2025-03-04T10:37:15,108.2,19,Female,Iloilo
63,2025-03-04T11:13:44,57.0,34,Female,Pasig
1271,2025-03-04T12:22:34,399.07,50,Female,Pasig
1573,2025-03-04T12:45:53,549.93,25,Female,Iloilo
516,2025-03-04T13:44:36,673.55,18,Female,Davao
1422,2025-03-04T17:06:51,915.54,62,Female,Pasig
214,2025-03-04T20:30:57,88.81,18,Female,Pasig
1724,2025-03-04T21:08:59,343.62,42,Male,Pasig
517,2025-03-05T07:41:51,189.48,19,Female,Makati
1876,2025-03-05T09:04:11,867.12,61,Male,Cebu
1121,2025-03-05T09:21:10,720.34,19,Female,Pasig
64,2025-03-05T11:05:29,813.74,61,Female,Manila
1272,2025-03-05T11:09:35,82.23,33,Male,Iloilo
1423,2025-03-05T13:08:24,1624.2,29,Male,Makati
1574,2025-03-05T15:13:19,1645.68,61,Female,Manila
1725,2025-03-05T16:44:51,931.16,40,Male,Iloilo
668,2025-03-05T16:57:34,322.04,43,Female,Manila
366,2025-03-05T16:58:41,730.28,37,Female,Quezon City
215,2025-03-05T19:39:36,779.27,38,Female,Cebu
819,2025-03-05T19:41:55,375.12,55,Female,Baguio
970,2025-03-05T22:27:43,1198.87,28,Female,Quezon City
1877,2025-03-06T07:25:14,730.46,40,Female,Quezon City
65,2025-03-06T07:32:53,1582.08,40,Male,Cebu
669,2025-03-06T07:56:03,390.55,24,Male,Makati
216,2025-03-06T08:45:13,564.39,18,Male,Manila
1424,2025-03-06T09:58:46,715.08,20,Male,Pasig
820,2025-03-06T12:04:41,419.38,63,Male,Baguio
1726,2025-03-06T13:37:23,1668.36,58,Male,Cebu
1575,2025-03-06T14:57:59,706.27,30,Female,Makati
971,2025-03-06T15:38:05,784.2,51,Female,Quezon City
518,2025-03-06T16:12:42,453.09,62,Female,Makati
1122,2025-03-06T17:30:27,266.39,18,Male,Baguio
1273,2025-03-06T17:51:56,656.82,62,Male,Quezon City
367,2025-03-06T20:21:01,914.08,41,Male,Cebu
1878,2025-03-07T06:40:57,247.61,24,Male,Davao
1123,2025-03-07T08:44:08,504.36,20,Female,Makati
217,2025-03-07T09:21:57,577.06,35,Male,Quezon City
66,2025-03-07T10:12:39,790.1,26,Male,Baguio
1727,2025-03-07T11:13:37,936.34,58,Male,Iloilo
1576,2025-03-07T11:30:39,655.82,48,Male,Makati
821,2025-03-07T12:05:12,373.82,45,Female,Davao
972,2025-03-07T13:10:50,294.18,55,Male,Davao
1425,2025-03-07T13:26:16,524.61,38,Male,Makati
1274,2025-03-07T15:32:03,982.86,62,Female,Cebu
519,2025-03-07T17:39:55,493.3,64,Female,Baguio
670,2025-03-07T17:47:19,920.21,26,Male,Quezon City
368,2025-03-07T21:16:29,213.67,62,Female,Quezon City
1124,2025-03-08T07:08:20,1208.23,37,Female,Baguio
822,2025-03-08T10:27:02,311.86,40,Female,Makati
1577,2025-03-08T10:33:22,769.21,64,Male,Pasig
1275,2025-03-08T10:46:55,1708.04,37,Female,Cebu
369,2025-03-08T10:57:22,526.05,41,Male,Quezon City
1426,2025-03-08T13:40:33,1163.13,64,Female,Manila
218,2025-03-08T14:57:49,1141.83,65,Male,Quezon City
1879,2025-03-08T16:38:02,609.72,48,Female,Baguio
520,2025-03-08T16:49:02,181.09,32,Male,Baguio
1728,2025-03-08T18:33:41,134.87,22,Female,Iloilo
973,2025-03-08T18:50:50,405.89,35,Female,Iloilo
67,2025-03-08T21:27:56,155.85,32,Female,Davao
671,2025-03-08T21:38:58,390.27,33,Female,Iloilo
672,2025-03-09T06:56:47,388.54,62,Female,Cebu
1125,2025-03-09T07:22:13,845.99,62,Female,Cebu
1276,2025-03-09T09:25:16,503.26,21,Male,Pasig
823,2025-03-09T10:25:57,1109.09,32,Male,Davao
370,2025-03-09T11:52:29,583.37,58,Male,Cebu
68,2025-03-09T12:13:27,488.49,46,Male,Iloilo
1427,2025-03-09T12:17:34,926.33,33,Female,Manila
219,2025-03-09T13:54:29,150.96,59,Female,Iloilo
1880,2025-03-09T14:59:51,1026.78,43,Female,Makati
974,2025-03-09T16:41:02,792.18,63,Female,Davao
521,2025-03-09T16:47:28,592.95,28,Male,Cebu
1729,2025-03-09T18:15:52,71.16,18,Male,Pasig
1578,2025-03-09T19:58:11,1164.43,46,Female,Pasig
69,2025-03-10T07:19:41,124.01,50,Male,Pasig
975,2025-03-10T07:39:45,131.12,31,Male,Iloilo
1277,2025-03-10T08:52:14,900.5,65,Female,Cebu
1881,2025-03-10T08:59:35,586.85,39,Female,Pasig
673,2025-03-10T11:19:12,242.02,53,Female,Baguio
220,2025-03-10T12:21:49,259.24,39,Male,Pasig
371,2025-03-10T12:31:42,1726.98,38,Male,Davao
1730,2025-03-10T16:29:28,355.83,34,Female,Pasig
824,2025-03-10T17:12:22,356.9,22,Male,Baguio
1579,2025-03-10T21:27:56,267.03,23,Male,Davao
522,2025-03-10T21:42:35,344.3,57,Female,Quezon City
1126,2025-03-10T22:00:25,52.76,27,Female,Quezon City
1428,2025-03-10T22:31:21,884.49,31,Male,Iloilo
1882,2025-03-11T06:37:50,237.96,39,Female,Baguio
825,2025-03-11T07:19:30,490.17,29,Female,Quezon City
1580,2025-03-11T08:57:08,637.2,58,Male,Baguio
1278,2025-03-11T09:00:23,572.67,43,Male,Manila
523,2025-03-11T14:12:08,583.53,18,Female,Iloilo
1127,2025-03-11T14:55:54,1108.52,53,Female,Baguio
70,2025-03-11T17:16:04,136.98,55,Male,Davao
1731,2025-03-11T17:39:35,1112.37,33,Female,Quezon City
1429,2025-03-11T17:45:18,180.31,40,Female,Quezon City
221,2025-03-11T19:29:34,1340.23,25,Male,Iloilo
674,2025-03-11T20:32:18,1285.58,48,Male,Davao
976,2025-03-11T21:07:30,1200.98,43,Female,Quezon City
372,2025-03-11T21:46:39,56.34,31,Female,Baguio
1128,2025-03-12T07:03:11,359.84,22,Female,Baguio
977,2025-03-12T07:16:21,217.08,40,Male,Pasig
826,2025-03-12T09:45:15,1380.12,46,Female,Iloilo
1430,2025-03-12T10:50:30,651.46,40,Male,Manila
71,2025-03-12T11:35:52,903.06,38,Female,Manila
524,2025-03-12T11:44:35,800.88,50,Male,Manila
1581,2025-03-12T13:20:07,1482.41,45,Male,Davao
1279,2025-03-12T13:32:23,1336.92,23,Female,Davao
373,2025-03-12T14:14:46,260.11,31,Female,Makati
1883,2025-03-12T16:14:35,238.6,21,Female,Pasig
1732,2025-03-12T18:04:45,472.84,54,Male,Pasig
222,2025-03-12T20:08:10,602.79,28,Male,Quezon City
675,2025-03-12T20:18:43,1071.46,64,Male,Manila
223,2025-03-13T09:29:48,1121.98,38,Female,Makati
72,2025-03-13T09:57:48,610.04,33,Female,Makati
374,2025-03-13T10:05:14,176.08,59,Female,Baguio
1884,2025-03-13T10:40:12,149.89,57,Female,Makati
1733,2025-03-13T11:10:27,864.49,38,Female,Quezon City
978,2025-03-13T12:13:26,539.22,38,Male,Iloilo
1582,2025-03-13T13:47:11,1045.23,30,Female,Pasig
525,2025-03-13T16:16:03,168.06,26,Male,Baguio
1431,2025-03-13T16:33:11,1017.87,54,Female,Makati
827,2025-03-13T17:59:03,908.28,33,Female,Pasig
676,2025-03-13T18:13:54,750.44,38,Female,Quezon City
1280,2025-03-13T20:07:31,133.33,62,Female,Pasig
1129,2025-03-13T20:45:23,866.66,20,Male,Pasig
224,2025-03-14T06:31:58,394.82,34,Female,Pasig
1734,2025-03-14T06:54:53,674.59,50,Female,Pasig
73,2025-03-14T07:17:34,565.8,60,Male,Quezon City
375,2025-03-14T08:28:18,950.59,22,Female,Baguio
1281,2025-03-14T11:18:05,1130.8,43,Female,Baguio
1432,2025-03-14T11:46:45,1316.19,51,Female,Pasig
1130,2025-03-14T13:44:42,550.92,23,Female,Iloilo
1583,2025-03-14T14:31:16,196.2,21,Female,Iloilo
1885,2025-03-14T17:51:07,312.81,59,Male,Manila
526,2025-03-14T18:11:33,783.27,22,Male,Iloilo
677,2025-03-14T18:40:18,723.52,28,Male,Baguio
828,2025-03-14T19:00:54,119.27,43,Male,Iloilo
979,2025-03-14T19:06:28,654.28,32,Female,Baguio
1735,2025-03-15T06:17:51,714.3,59,Female,Cebu
225,2025-03-15T07:10:59,388.9,28,Female,Manila
1886,2025-03-15T07:17:56,579.52,21,Female,Baguio
527,2025-03-15T07:40:33,656.73,31,Female,Manila
1282,2025-03-15T09:35:20,171.72,19,Female,Iloilo
829,2025-03-15T09:46:43,662.42,19,Male,Manila
980,2025-03-15T11:11:14,586.78,29,Female,Quezon City
1584,2025-03-15T12:05:24,755.3,36,Female,Pasig
1433,2025-03-15T13:48:17,343.7,25,Female,Pasig
1131,2025-03-15T14:16:24,67.16,21,Male,Manila
376,2025-03-15T17:26:31,933.0,65,Male,Makati
678,2025-03-15T17:34:31,1777.44,35,Male,Quezon City
74,2025-03-15T19:31:51,573.3,20,Male,Makati
1434,2025-03-16T08:51:05,643.86,25,Female,Manila
679,2025-03-16T09:04:22,830.04,31,Female,Manila
1132,2025-03-16T09:23:32,146.24,59,Male,Manila
377,2025-03-16T10:06:59,445.82,27,Female,Davao
528,2025-03-16T11:18:19,1026.64,24,Female,Pasig
1887,2025-03-16T14:09:54,1129.78,36,Male,Cebu
75,2025-03-16T14:25:49,216.12,38,Female,Pasig
226,2025-03-16T15:23:06,27.11,22,Female,Baguio
981,2025-03-16T15:45:07,346.84,21,Male,Quezon City
1585,2025-03-16T16:05:48,395.04,59,Female,Iloilo
830,2025-03-16T17:48:55,982.3,22,Female,Quezon City
1736,2025-03-16T19:59:24,958.31,54,Female,Iloilo
1283,2025-03-16T21:05:25,362.94,38,Female,Manila
831,2025-03-17T08:00:02,634.05,49,Male,Iloilo
680,2025-03-17T09:42:22,467.39,41,Male,Quezon City
227,2025-03-17T09:46:51,934.95,22,Female,Davao
1435,2025-03-17T11:30:29,260.02,39,Female,Pasig
1586,2025-03-17T12:50:28,833.5,19,Male,Quezon City
529,2025-03-17T15:56:42,543.96,27,Male,Quezon City
982,2025-03-17T16:00:09,991.39,38,Female,Pasig
1133,2025-03-17T16:00:59,512.34,52,Female,Pasig
1737,2025-03-17T16:49:40,1108.66,63,Male,Cebu
76,2025-03-17T17:59:44,652.04,53,Female,Quezon City
1284,2025-03-17T19:47:57,161.11,54,Female,Quezon City
1888,2025-03-17T20:37:30,933.62,36,Female,Iloilo
378,2025-03-17T21:14:28,722.69,53,Male,Manila
1889,2025-03-18T06:20:53,1255.69,52,Male,Cebu
983,2025-03-18T06:52:46,1523.41,29,Male,Pasig
379,2025-03-18T08:38:24,917.08,30,Male,Iloilo
1587,2025-03-18T09:28:55,611.76,43,Male,Iloilo
1134,2025-03-18T13:24:14,812.22,59,Male,Davao
530,2025-03-18T13:51:11,674.27,48,Male,Davao
1738,2025-03-18T15:22:34,322.54,30,Female,Quezon City
832,2025-03-18T16:12:25,931.91,44,Female,Pasig
77,2025-03-18T16:20:19,400.61,48,Male,Pasig
228,2025-03-18T17:50:50,416.97,50,Female,Quezon City
1285,2025-03-18T18:04:07,453.2,45,Male,Quezon City
681,2025-03-18T18:11:05,1121.25,46,Male,Iloilo
1436,2025-03-18T22:14:20,205.74,50,Male,Cebu
1890,2025-03-19T07:21:44,1103.95,39,Male,Iloilo
229,2025-03-19T07:33:25,1009.66,60,Female,Makati
78,2025-03-19T08:11:07,814.65,31,Female,Quezon City
1588,2025-03-19T08:13:07,1631.33,44,Female,Manila
1437,2025-03-19T09:21:50,1075.03,63,Male,Davao
531,2025-03-19T10:15:17,659.01,47,Female,Manila
1135,2025-03-19T12:32:36,407.63,27,Male,Quezon City
984,2025-03-19T14:50:18,851.78,35,Male,Cebu
833,2025-03-19T15:00:26,1283.21,65,Male,Makati
682,2025-03-19T16:41:22,1205.22,44,Female,Makati
380,2025-03-19T18:49:52,383.72,58,Male,Baguio
1286,2025-03-19T18:53:47,118.44,63,Male,Baguio
1739,2025-03-19T19:31:44,1032.26,39,Male,Pasig
683,2025-03-20T07:19:48,1164.02,45,Female,Cebu
985,2025-03-20T07:57:02,592.78,60,Male,Davao
1287,2025-03-20T08:09:19,164.93,30,Male,Pasig
1740,2025-03-20T08:41:28,119.09,37,Female,Baguio
79,2025-03-20T10:43:40,126.48,57,Female,Manila
1891,2025-03-20T13:35:42,627.08,21,Female,Makati
230,2025-03-20T17:17:04,139.31,65,Female,Davao
381,2025-03-20T19:16:19,635.42,18,Male,Baguio
1136,2025-03-20T19:46:57,851.65,43,Female,Pasig
1589,2025-03-20T20:44:30,370.74,54,Female,Makati
834,2025-03-20T20:44:32,522.33,47,Male,Makati
532,2025-03-20T21:33:54,195.44,62,Female,Iloilo
1438,2025-03-20T21:43:09,1134.48,40,Female,Baguio
231,2025-03-21T06:20:45,201.08,61,Male,Iloilo
1892,2025-03-21T06:23:51,269.32,38,Female,Pasig
1288,2025-03-21T08:38:41,2028.54,39,Male,Pasig
1741,2025-03-21T10:06:37,550.89,34,Female,Davao
684,2025-03-21T10:09:24,896.1,38,Female,Manila
1137,2025-03-21T12:39:43,452.89,34,Female,Manila
1590,2025-03-21T15:07:10,672.67,31,Male,Quezon City
1439,2025-03-21T16:18:15,282.21,32,Male,Pasig
835,2025-03-21T17:06:26,208.98,45,Female,Manila
986,2025-03-21T17:13:32,795.21,62,Female,Makati
533,2025-03-21T18:54:02,793.52,18,Female,Makati
382,2025-03-21T19:03:18,147.88,38,Male,Pasig
80,2025-03-21T19:35:34,463.32,55,Female,Baguio
1591,2025-03-22T08:49:00,988.67,61,Male,Baguio
1742,2025-03-22T10:48:41,974.36,53,Female,Davao
1440,2025-03-22T11:07:04,410.06,65,Female,Cebu
836,2025-03-22T11:30:27,268.68,54,Male,Manila
81,2025-03-22T12:48:36,141.64,62,Male,Iloilo
1289,2025-03-22T14:54:43,396.85,26,Female,Baguio
1893,2025-03-22T15:29:14,1483.77,30,Female,Pasig
383,2025-03-22T16:47:17,511.38,44,Male,Davao
987,2025-03-22T16:58:41,97.68,41,Male,Baguio
1138,2025-03-22T18:53:21,1200.38,18,Female,Quezon City
534,2025-03-22T21:05:17,256.28,25,Female,Cebu
685,2025-03-22T22:03:40,1083.22,27,Male,Quezon City
232,2025-03-22T22:37:03,1212.12,37,Female,Baguio
686,2025-03-23T06:55:18,1076.01,30,Male,Quezon City
384,2025-03-23T08:04:34,1886.94,56,Male,Davao
1290,2025-03-23T08:08:41,838.27,62,Female,Baguio
988,2025-03-23T08:56:18,871.21,30,Male,Pasig
837,2025-03-23T09:27:18,502.91,42,Male,Makati
1743,2025-03-23T10:55:25,123.69,43,Male,Iloilo
1592,2025-03-23T11:51:35,918.72,62,Female,Manila
535,2025-03-23T11:59:53,257.3,50,Male,Cebu
82,2025-03-23T15:21:35,952.65,65,Male,Iloilo
1894,2025-03-23T17:36:32,156.9,59,Male,Quezon City
1139,2025-03-23T20:29:46,811.9,47,Female,Cebu
233,2025-03-23T21:08:09,185.34,33,Female,Makati
1441,2025-03-23T22:20:56,775.08,64,Female,Cebu
989,2025-03-24T06:37:58,167.63,63,Male,Davao
1895,2025-03-24T07:16:58,380.48,52,Female,Quezon City
838,2025-03-24T08:59:25,1232.36,33,Female,Cebu
234,2025-03-24T09:06:59,1142.85,19,Female,Davao
83,2025-03-24T09:26:18,559.15,19,Male,Quezon City
687,2025-03-24T10:43:14,229.27,19,Female,Baguio
536,2025-03-24T10:44:32,738.4,57,Female,Iloilo
1140,2025-03-24T10:58:03,1130.27,50,Male,Iloilo
1442,2025-03-24T11:08:25,1043.12,50,Female,Iloilo
1593,2025-03-24T12:07:41,729.3,64,Female,Iloilo
385,2025-03-24T13:13:38,473.32,44,Female,Makati
1291,2025-03-24T15:20:56,573.51,57,Female,Pasig
1744,2025-03-24T22:53:20,789.19,47,Female,Davao
990,2025-03-25T06:00:54,107.22,43,Female,Makati
688,2025-03-25T08:09:56,1094.33,30,Female,Quezon City
839,2025-03-25T08:57:35,426.68,26,Female,Pasig
386,2025-03-25T09:56:59,1003.98,35,Male,Pasig
235,2025-03-25T13:31:56,1611.65,22,Male,Pasig
1141,2025-03-25T14:08:46,426.66,50,Male,Quezon City
1745,2025-03-25T15:42:47,901.19,31,Male,Pasig
84,2025-03-25T15:50:23,774.97,46,Male,Quezon City
1896,2025-03-25T16:22:09,784.44,25,Male,Pasig
537,2025-03-25T17:10:45,774.98,39,Male,Makati
1292,2025-03-25T18:24:37,715.08,56,Male,Davao
1443,2025-03-25T19:20:11,845.63,60,Female,Baguio
1594,2025-03-25T19:28:08,580.83,58,Male,Cebu
85,2025-03-26T09:07:44,129.42,61,Male,Manila
991,2025-03-26T10:46:42,1093.05,20,Female,Manila
840,2025-03-26T11:48:42,1535.77,51,Female,Makati
1595,2025-03-26T12:51:01,498.24,39,Female,Makati
538,2025-03-26T15:15:00,1317.06,23,Male,Manila
689,2025-03-26T15:35:45,923.96,32,Male,Pasig
1142,2025-03-26T16:29:25,1086.43,62,Male,Pasig
387,2025-03-26T17:31:17,853.33,38,Female,Quezon City
1746,2025-03-26T19:26:51,635.01,58,Male,Baguio
1897,2025-03-26T19:38:26,1113.12,29,Female,Quezon City
236,2025-03-26T20:16:52,840.12,20,Male,Davao
1444,2025-03-26T22:39:14,612.75,23,Female,Quezon City
1293,2025-03-26T22:57:41,957.96,63,Male,Davao
539,2025-03-27T08:16:24,718.79,44,Female,Manila
992,2025-03-27T09:16:58,864.92,43,Male,Davao
86,2025-03-27T10:22:32,1407.31,33,Male,Davao
237,2025-03-27T11:57:02,585.09,55,Male,Quezon City
1747,2025-03-27T11:57:48,958.09,63,Female,Manila
388,2025-03-27T12:11:01,1163.53,28,Male,Quezon City
1294,2025-03-27T12:35:47,1902.52,36,Male,Baguio
690,2025-03-27T16:00:05,917.74,33,Female,Pasig
1596,2025-03-27T16:25:16,152.13,38,Female,Iloilo
841,2025-03-27T16:25:51,1323.08,43,Male,Iloilo
1143,2025-03-27T19:38:56,435.39,58,Male,Cebu
1445,2025-03-27T20:47:58,962.77,19,Female,Cebu
1898,2025-03-27T22:17:34,85.94,51,Male,Makati
1899,2025-03-28T10:18:52,506.82,24,Male,Cebu
993,2025-03-28T10:41:30,1066.99,43,Female,Quezon City
540,2025-03-28T13:34:29,800.73,57,Female,Makati
389,2025-03-28T14:00:32,560.13,48,Male,Cebu
1295,2025-03-28T14:18:46,576.28,59,Male,Pasig
87,2025-03-28T16:51:24,674.59,32,Female,Makati
1446,2025-03-28T17:52:12,102.03,64,Female,Manila
1748,2025-03-28T19:35:00,1800.82,25,Female,Pasig
1144,2025-03-28T20:18:33,990.55,40,Male,Quezon City
691,2025-03-28T21:37:40,1623.56,18,Female,Manila
842,2025-03-28T21:54:39,1278.5,50,Male,Makati
1597,2025-03-28T22:06:19,612.59,42,Female,Davao
238,2025-03-28T22:51:05,1027.91,27,Male,Manila
1447,2025-03-29T06:24:35,963.79,23,Female,Manila
1749,2025-03-29T06:57:58,1040.52,42,Male,Davao
1296,2025-03-29T07:06:28,400.55,39,Female,Davao
1900,2025-03-29T08:01:18,1386.39,40,Female,Baguio
994,2025-03-29T08:16:45,954.31,24,Female,Pasig
390,2025-03-29T09:32:15,1318.19,29,Female,Pasig
239,2025-03-29T09:39:12,903.55,62,Male,Davao
1145,2025-03-29T10:25:11,463.41,49,Female,Iloilo
843,2025-03-29T10:41:04,976.92,52,Male,Manila
88,2025-03-29T11:52:34,30.03,60,Male,Baguio
1598,2025-03-29T16:59:49,855.45,25,Male,Quezon City
541,2025-03-29T17:00:39,1244.05,55,Female,Iloilo
692,2025-03-29T18:05:36,1013.42,18,Male,Manila
693,2025-03-30T08:34:01,153.59,32,Female,Makati
1901,2025-03-30T08:53:26,1130.72,24,Male,Cebu
1297,2025-03-30T10:45:21,1692.31,27,Male,Cebu
1750,2025-03-30T11:23:27,1078.2,56,Male,Baguio
89,2025-03-30T13:20:28,267.12,53,Female,Cebu
1146,2025-03-30T13:46:35,1540.38,33,Male,Pasig
844,2025-03-30T15:00:39,499.56,43,Male,Baguio
240,2025-03-30T17:50:49,256.98,29,Male,Makati
1599,2025-03-30T18:37:41,862.64,54,Male,Cebu
391,2025-03-30T18:46:35,864.16,52,Female,Baguio
542,2025-03-30T19:21:55,336.96,62,Female,Makati
995,2025-03-30T21:01:40,460.72,42,Female,Cebu
1448,2025-03-30T21:36:34,655.21,30,Female,Pasig
90,2025-03-31T06:42:41,1297.44,59,Female,Quezon City
1600,2025-03-31T06:47:29,347.88,44,Female,Pasig
241,2025-03-31T07:24:00,866.67,36,Male,Quezon City
1449,2025-03-31T09:47:42,222.3,19,Female,Iloilo
543,2025-03-31T10:05:57,985.0,23,Female,Iloilo
1902,2025-03-31T12:41:02,1408.97,40,Female,Quezon City
1147,2025-03-31T14:39:47,528.15,34,Female,Iloilo
845,2025-03-31T15:05:05,602.86,43,Male,Cebu
392,2025-03-31T15:18:16,398.03,40,Male,Manila
996,2025-03-31T18:10:31,936.96,35,Female,Manila
694,2025-03-31T19:43:28,972.66,38,Male,Baguio
1751,2025-03-31T20:25:54,1107.81,24,Female,Cebu
1298,2025-03-31T22:57:59,1023.91,33,Male,Cebu
1299,2025-04-01T06:00:34,163.98,53,Female,Quezon City
1752,2025-04-01T07:48:34,643.13,53,Female,Quezon City
695,2025-04-01T09:27:39,980.7,33,Female,Pasig
1148,2025-04-01T10:47:26,653.52,64,Female,Makati
1450,2025-04-01T11:23:00,624.15,37,Female,Quezon City
997,2025-04-01T12:47:43,1303.02,53,Male,Makati
544,2025-04-01T14:04:48,163.74,35,Male,Pasig
242,2025-04-01T14:54:48,720.3,37,Female,Pasig
91,2025-04-01T15:15:10,1226.16,39,Female,Baguio
393,2025-04-01T16:00:38,217.56,33,Female,Iloilo
1903,2025-04-01T19:22:56,1271.39,40,Female,Baguio
1601,2025-04-01T19:42:29,616.41,63,Female,Pasig
846,2025-04-01T22:34:03,677.84,21,Female,Quezon City
92,2025-04-02T06:24:41,384.63,29,Female,Manila
1149,2025-04-02T06:43:55,407.8,27,Male,Davao
1451,2025-04-02T15:11:12,32.01,65,Female,Iloilo
1300,2025-04-02T15:14:56,892.09,64,Male,Quezon City
1602,2025-04-02T16:22:53,258.74,30,Female,Manila
847,2025-04-02T16:39:43,117.19,30,Male,Cebu
696,2025-04-02T17:47:00,1017.48,47,Male,Cebu
394,2025-04-02T19:04:24,193.44,45,Female,Davao
1904,2025-04-02T19:40:52,77.04,21,Female,Quezon City
998,2025-04-02T19:52:21,1246.22,59,Female,Makati
1753,2025-04-02T19:59:22,643.14,33,Female,Davao
545,2025-04-02T20:06:48,88.88,25,Female,Manila
243,2025-04-02T22:48:52,499.29,58,Male,Iloilo
697,2025-04-03T06:19:58,1139.66,28,Male,Cebu
1150,2025-04-03T09:04:40,373.64,28,Male,Cebu
1754,2025-04-03T09:23:30,628.15,59,Female,Iloilo
848,2025-04-03T10:09:59,148.16,55,Male,Baguio
244,2025-04-03T14:11:25,56.27,31,Male,Manila
546,2025-04-03T15:56:52,351.84,43,Female,Manila
1905,2025-04-03T16:03:16,1677.69,62,Female,Pasig
1603,2025-04-03T17:00:25,1100.86,28,Male,Pasig
93,2025-04-03T17:46:18,31.9,18,Female,Quezon City
999,2025-04-03T19:18:22,769.74,60,Male,Davao
1301,2025-04-03T21:42:19,413.24,62,Female,Cebu
1452,2025-04-03T21:46:38,513.63,54,Female,Quezon City
395,2025-04-03T22:00:31,849.02,28,Female,Cebu
396,2025-04-04T06:58:18,831.96,62,Male,Baguio
698,2025-04-04T10:08:55,873.45,39,Female,Baguio
547,2025-04-04T11:01:09,554.67,39,Male,Davao
1151,2025-04-04T11:02:28,261.59,54,Male,Quezon City
1604,2025-04-04T11:43:53,439.16,43,Male,Quezon City
849,2025-04-04T12:43:36,818.58,48,Male,Baguio
1000,2025-04-04T13:56:38,1127.15,50,Female,Cebu
1453,2025-04-04T15:03:52,942.35,33,Female,Pasig
245,2025-04-04T15:24:29,195.44,49,Female,Manila
1755,2025-04-04T16:54:59,732.92,41,Male,Manila
1906,2025-04-04T18:03:24,236.04,60,Female,Iloilo
1302,2025-04-04T20:26:40,712.76,48,Female,Makati
94,2025-04-04T22:58:55,341.5,52,Male,Quezon City
246,2025-04-05T08:03:10,386.61,37,Female,Pasig
850,2025-04-05T08:19:21,718.27,33,Female,Cebu
397,2025-04-05T09:58:45,376.92,31,Male,Davao
1303,2025-04-05T10:35:32,902.76,60,Male,Makati
95,2025-04-05T12:42:47,292.54,50,Male,Iloilo
1907,2025-04-05T12:59:07,1459.14,52,Male,Quezon City
1001,2025-04-05T15:17:23,1121.86,27,Female,Cebu
1152,2025-04-05T16:16:05,1503.38,60,Female,Cebu
1605,2025-04-05T16:51:39,801.03,41,Female,Manila
699,2025-04-05T17:10:31,602.65,29,Male,Pasig
1454,2025-04-05T17:25:54,484.44,24,Male,Quezon City
1756,2025-04-05T18:11:19,1827.74,47,Female,Baguio
548,2025-04-05T19:09:05,928.46,39,Female,Cebu
851,2025-04-06T07:02:12,42.52,36,Female,Quezon City
700,2025-04-06T08:16:41,971.5,34,Female,Makati
1606,2025-04-06T08:51:52,458.19,32,Male,Makati
549,2025-04-06T09:29:25,486.64,58,Female,Quezon City
1304,2025-04-06T11:25:26,915.84,32,Female,Davao
1455,2025-04-06T12:21:09,1571.49,41,Male,Quezon City
1002,2025-04-06T13:50:21,861.72,21,Male,Pasig
398,2025-04-06T15:50:37,70.72,59,Female,Cebu
247,2025-04-06T17:02:16,688.27,30,Male,Baguio
1153,2025-04-06T17:12:14,68.16,54,Male,Manila
1757,2025-04-06T19:13:48,355.8,31,Male,Iloilo
96,2025-04-06T21:47:18,962.92,18,Female,Manila
1908,2025-04-06T21:59:34,1414.04,45,Female,Cebu
1607,2025-04-07T08:01:23,1821.58,62,Male,Makati
1758,2025-04-07T09:59:33,553.9,24,Male,Iloilo
248,2025-04-07T10:47:33,576.62,46,Female,Makati
1154,2025-04-07T10:53:36,993.02,27,Male,Manila
1003,2025-04-07T11:44:09,874.68,44,Female,Manila
550,2025-04-07T12:08:44,822.65,20,Male,Pasig
1456,2025-04-07T14:36:15,593.68,42,Female,Makati
1909,2025-04-07T16:16:14,909.44,55,Female,Pasig
852,2025-04-07T17:47:23,618.08,18,Female,Makati
399,2025-04-07T18:32:25,1066.75,65,Female,Baguio
1305,2025-04-07T18:44:00,912.5,32,Male,Pasig
701,2025-04-07T19:58:15,345.44,18,Female,Baguio
97,2025-04-07T20:38:38,457.24,62,Female,Manila
1457,2025-04-08T06:41:22,995.63,41,Male,Baguio
551,2025-04-08T07:22:48,854.21,56,Female,Manila
1910,2025-04-08T07:35:54,694.33,52,Female,Davao
1608,2025-04-08T08:08:40,1209.84,63,Male,Baguio
1759,2025-04-08T09:44:34,578.77,39,Female,Pasig
249,2025-04-08T10:02:56,579.82,26,Female,Cebu
1004,2025-04-08T14:33:50,1228.89,55,Male,Quezon City
400,2025-04-08T15:24:42,1603.66,64,Female,Cebu
1155,2025-04-08T16:53:49,915.66,20,Female,Davao
702,2025-04-08T20:14:41,666.96,38,Female,Baguio
1306,2025-04-08T20:37:03,936.76,37,Male,Pasig
853,2025-04-08T21:20:22,1031.7,46,Female,Pasig
98,2025-04-08T22:45:01,491.47,25,Male,Manila
1609,2025-04-09T06:03:32,999.09,48,Male,Manila
1760,2025-04-09T06:04:02,412.21,65,Female,Manila
401,2025-04-09T06:08:48,590.55,21,Female,Makati
99,2025-04-09T06:56:18,186.9,49,Male,Quezon City
250,2025-04-09T08:02:13,2020.14,55,Female,Pasig
1911,2025-04-09T08:06:51,51.56,52,Female,Iloilo
854,2025-04-09T11:29:50,698.22,23,Female,Manila
552,2025-04-09T13:18:15,735.3,63,Female,Davao
1458,2025-04-09T14:37:57,1407.48,30,Female,Baguio
1005,2025-04-09T14:42:28,1705.78,26,Female,Davao
703,2025-04-09T16:46:33,903.89,21,Female,Manila
1307,2025-04-09T17:42:17,944.24,34,Male,Pasig
1156,2025-04-09T20:02:27,813.33,48,Male,Pasig
553,2025-04-10T07:47:55,205.76,26,Male,Pasig
1308,2025-04-10T08:33:38,1373.18,60,Female,Quezon City
1157,2025-04-10T10:24:50,373.81,53,Male,Davao
402,2025-04-10T11:53:16,386.61,51,Female,Iloilo
1459,2025-04-10T14:46:43,85.13,28,Male,Iloilo
1912,2025-04-10T14:54:14,1168.95,34,Male,Baguio
855,2025-04-10T14:57:11,545.02,42,Male,Cebu
1761,2025-04-10T15:11:26,853.29,23,Male,Makati
100,2025-04-10T18:25:59,453.73,32,Male,Cebu
1006,2025-04-10T18:41:31,627.27,40,Male,Manila
704,2025-04-10T20:52:49,415.26,35,Male,Pasig
1610,2025-04-10T21:24:08,723.38,43,Female,Pasig
251,2025-04-10T21:55:20,805.49,42,Male,Manila
1007,2025-04-11T06:41:21,223.4,24,Female,Manila
705,2025-04-11T06:44:52,565.06,55,Male,Cebu
1309,2025-04-11T07:19:28,44.4,20,Male,Baguio
1460,2025-04-11T07:34:21,1033.1,62,Male,Baguio
252,2025-04-11T12:26:35,1113.43,32,Male,Makati
1611,2025-04-11T13:05:41,1544.74,64,Female,Manila
403,2025-04-11T14:13:46,310.72,48,Male,Manila
1762,2025-04-11T14:40:23,400.29,27,Female,Manila
101,2025-04-11T14:52:31,208.96,48,Male,Quezon City
856,2025-04-11T15:40:17,335.87,49,Female,Iloilo
1913,2025-04-11T20:23:03,620.58,53,Male,Quezon City
1158,2025-04-11T20:53:48,1561.31,41,Male,Davao
554,2025-04-11T21:06:17,304.96,18,Male,Makati
1310,2025-04-12T06:05:07,1256.81,64,Female,Cebu
1461,2025-04-12T08:06:04,168.72,23,Female,Cebu
857,2025-04-12T08:09:01,586.84,34,Female,Quezon City
1914,2025-04-12T09:46:04,802.29,45,Female,Baguio
1763,2025-04-12T10:11:24,1206.0,57,Female,Manila
1159,2025-04-12T10:37:20,212.97,32,Male,Cebu
404,2025-04-12T10:45:23,1117.32,64,Female,Manila
253,2025-04-12T10:48:04,131.56,29,Male,Quezon City
1008,2025-04-12T12:28:26,180.0,54,Male,Cebu
706,2025-04-12T13:24:47,758.48,54,Male,Pasig
102,2025-04-12T18:09:07,628.94,20,Female,Davao
555,2025-04-12T18:41:47,503.45,31,Female,Pasig
1612,2025-04-12T22:17:33,801.08,65,Female,Manila
1764,2025-04-13T06:02:02,358.18,48,Male,Iloilo
707,2025-04-13T06:48:20,939.25,19,Male,Quezon City
103,2025-04-13T06:54:27,161.7,23,Male,Baguio
1915,2025-04-13T11:41:42,789.08,22,Female,Baguio
858,2025-04-13T11:51:55,177.95,38,Male,Quezon City
405,2025-04-13T11:55:27,1267.14,52,Female,Iloilo
1009,2025-04-13T14:36:06,993.94,50,Male,Iloilo
254,2025-04-13T14:36:41,976.14,28,Male,Manila
556,2025-04-13T15:12:16,1148.83,47,Male,Iloilo
1160,2025-04-13T16:10:57,1399.72,39,Female,Makati
1613,2025-04-13T16:13:19,364.86,36,Female,Baguio
1311,2025-04-13T17:29:03,565.63,54,Male,Davao
1462,2025-04-13T22:49:12,401.38,56,Female,Cebu
1765,2025-04-14T06:39:14,1469.57,63,Female,Iloilo
859,2025-04-14T06:39:59,958.91,55,Female,Iloilo
406,2025-04-14T06:47:12,666.0,59,Female,Iloilo
1463,2025-04-14T07:28:04,566.76,51,Male,Davao
1614,2025-04-14T08:47:07,1036.29,44,Male,Manila
255,2025-04-14T09:53:45,439.52,41,Female,Manila
104,2025-04-14T10:40:14,707.6,52,Female,Makati
708,2025-04-14T11:45:53,794.09,65,Female,Pasig
1312,2025-04-14T12:51:08,425.8,59,Female,Manila
557,2025-04-14T13:21:37,75.85,32,Female,Baguio
1916,2025-04-14T17:23:30,35.71,33,Female,Iloilo
1161,2025-04-14T17:55:18,1151.59,40,Female,Baguio
1010,2025-04-14T18:13:43,1227.98,62,Female,Pasig
558,2025-04-15T07:06:44,267.31,38,Male,Baguio
1917,2025-04-15T08:00:13,1356.15,26,Female,Iloilo
860,2025-04-15T09:02:24,950.29,46,Female,Makati
1615,2025-04-15T09:47:55,462.56,24,Male,Iloilo
1313,2025-04-15T13:25:19,228.22,56,Male,Baguio
1011,2025-04-15T16:28:57,313.69,52,Female,Davao
407,2025-04-15T17:20:32,474.69,27,Female,Iloilo
105,2025-04-15T18:25:48,1274.94,45,Female,Iloilo
256,2025-04-15T18:28:17,372.02,57,Male,Davao
1464,2025-04-15T18:46:12,689.18,54,Male,Quezon City
709,2025-04-15T19:06:34,436.49,33,Female,Quezon City
1766,2025-04-15T20:21:30,278.29,56,Male,Cebu
1162,2025-04-15T20:57:56,196.06,18,Male,Iloilo
1616,2025-04-16T06:46:36,929.48,36,Male,Pasig
106,2025-04-16T08:13:19,785.9,20,Female,Davao
710,2025-04-16T08:46:12,477.75,35,Female,Iloilo
1314,2025-04-16T09:31:24,391.36,60,Male,Davao
1465,2025-04-16T13:57:31,1298.58,36,Male,Davao
1012,2025-04-16T15:08:31,782.04,21,Female,Davao
257,2025-04-16T18:11:53,725.12,21,Male,Pasig
1918,2025-04-16T19:08:07,687.6,58,Female,Iloilo
408,2025-04-16T19:55:45,737.33,36,Male,Baguio
1163,2025-04-16T20:11:20,456.94,51,Female,Makati
861,2025-04-16T21:26:04,1061.75,28,Female,Cebu
1767,2025-04-16T22:30:06,1430.46,40,Female,Iloilo
559,2025-04-16T22:44:36,76.75,28,Female,Quezon City
711,2025-04-17T07:51:48,1506.88,21,Male,Pasig
1919,2025-04-17T09:29:33,168.6,44,Male,Davao
107,2025-04-17T09:38:05,1127.02,26,Female,Pasig
1466,2025-04-17T10:09:40,225.28,33,Male,Davao
1315,2025-04-17T10:30:55,1040.2,52,Male,Quezon City
862,2025-04-17T12:39:46,38.68,42,Female,Davao
560,2025-04-17T14:51:24,1332.84,59,Female,Quezon City
1617,2025-04-17T15:30:54,688.98,43,Female,Manila
1013,2025-04-17T15:55:19,630.05,55,Female,Cebu
1768,2025-04-17T16:40:53,1772.81,59,Female,Quezon City
409,2025-04-17T18:29:50,875.82,52,Male,Pasig
1164,2025-04-17T19:53:58,881.64,64,Male,Baguio
258,2025-04-17T22:35:18,849.7,59,Female,Davao
1618,2025-04-18T06:20:35,198.73,42,Male,Manila
1316,2025-04-18T08:40:52,185.77,37,Female,Pasig
1014,2025-04-18T10:06:23,1057.66,28,Male,Baguio
1769,2025-04-18T10:34:31,1164.26,22,Female,Pasig
410,2025-04-18T11:22:44,964.44,56,Female,Makati
863,2025-04-18T11:40:34,1539.62,54,Male,Makati
1467,2025-04-18T12:11:29,590.43,56,Female,Manila
1165,2025-04-18T13:22:21,718.77,58,Male,Baguio
108,2025-04-18T14:42:08,550.88,25,Female,Makati
1920,2025-04-18T16:14:17,1179.1,25,Female,Makati
712,2025-04-18T16:20:55,442.0,25,Male,Baguio
259,2025-04-18T18:19:21,522.92,38,Female,Iloilo
561,2025-04-18T18:50:25,919.77,63,Female,Davao
1921,2025-04-19T06:16:22,97.62,56,Male,Davao
1015,2025-04-19T07:01:17,497.56,18,Male,Baguio
1770,2025-04-19T07:01:30,115.56,41,Female,Davao
864,2025-04-19T08:34:09,341.23,40,Male,Quezon City
562,2025-04-19T09:03:30,1083.73,20,Male,Cebu
260,2025-04-19T09:13:14,176.71,46,Male,Pasig
1619,2025-04-19T09:27:52,1240.28,48,Male,Iloilo
1468,2025-04-19T10:20:42,533.82,44,Female,Baguio
1166,2025-04-19T16:03:36,592.8,23,Male,Cebu
713,2025-04-19T16:47:33,94.44,35,Female,Pasig
411,2025-04-19T16:49:13,348.4,51,Male,Iloilo
109,2025-04-19T21:54:50,1574.81,25,Male,Iloilo
1317,2025-04-19T22:45:55,835.17,50,Female,Baguio
865,2025-04-20T08:44:03,985.41,18,Male,Iloilo
1016,2025-04-20T13:54:39,1582.38,43,Male,Cebu
563,2025-04-20T13:57:29,809.59,29,Male,Manila
1167,2025-04-20T15:29:26,911.43,23,Male,Quezon City
1469,2025-04-20T16:29:43,983.09,25,Female,Cebu
110,2025-04-20T18:28:58,343.83,65,Female,Quezon City
1922,2025-04-20T19:04:17,462.94,40,Male,Pasig
1318,2025-04-20T19:32:26,495.01,34,Female,Manila
714,2025-04-20T21:24:02,582.15,40,Female,Davao
1620,2025-04-20T21:33:18,489.07,65,Male,Davao
261,2025-04-20T22:05:06,104.47,61,Male,Manila
1771,2025-04-20T22:07:18,507.81,30,Female,Iloilo
412,2025-04-20T22:48:57,340.64,59,Female,Davao
1923,2025-04-21T10:12:25,738.32,19,Female,Baguio
1319,2025-04-21T12:53:22,1728.29,21,Male,Iloilo
413,2025-04-21T14:14:49,1165.56,44,Female,Iloilo
1772,2025-04-21T14:33:02,652.74,34,Male,Iloilo
111,2025-04-21T14:53:28,23.9,53,Female,Baguio
715,2025-04-21T17:09:57,455.44,56,Female,Makati
1017,2025-04-21T17:24:51,1377.31,20,Female,Cebu
866,2025-04-21T18:22:10,691.03,52,Male,Manila
1621,2025-04-21T19:21:12,703.18,32,Female,Davao
1168,2025-04-21T20:00:44,571.69,62,Female,Pasig
564,2025-04-21T21:16:14,535.89,22,Female,Pasig
262,2025-04-21T22:00:41,277.0,24,Male,Davao
1470,2025-04-21T22:26:58,1052.62,27,Female,Davao
263,2025-04-22T06:48:47,1054.96,50,Male,Cebu
1773,2025-04-22T07:25:52,638.22,55,Female,Baguio
716,2025-04-22T07:55:04,1189.96,19,Male,Quezon City
1471,2025-04-22T08:06:25,1215.87,65,Male,Manila
1018,2025-04-22T08:38:18,802.83,53,Female,Baguio
414,2025-04-22T09:22:13,1034.68,56,Male,Iloilo
565,2025-04-22T13:47:39,47.01,25,Male,Pasig
1320,2025-04-22T17:02:43,316.56,64,Female,Cebu
1622,2025-04-22T18:56:24,195.12,53,Female,Makati
112,2025-04-22T19:15:45,355.83,35,Female,Makati
1169,2025-04-22T19:46:20,752.61,39,Female,Davao
1924,2025-04-22T20:37:20,1082.84,35,Female,Baguio
867,2025-04-22T22:20:16,202.25,32,Female,Iloilo
1321,2025-04-23T06:33:32,330.63,48,Male,Manila
1774,2025-04-23T09:23:10,150.18,41,Female,Manila
415,2025-04-23T10:26:28,741.79,45,Male,Makati
717,2025-04-23T11:13:52,562.89,49,Female,Manila
1170,2025-04-23T11:18:28,1058.63,41,Female,Iloilo
1019,2025-04-23T12:50:12,1003.47,62,Male,Makati
868,2025-04-23T13:43:27,272.12,44,Female,Iloilo
113,2025-04-23T14:37:08,693.63,40,Male,Makati
1623,2025-04-23T15:01:17,558.48,21,Male,Davao
264,2025-04-23T15:23:56,1159.5,42,Male,Baguio
566,2025-04-23T17:12:08,119.07,41,Female,Iloilo
1925,2025-04-23T18:15:31,38.18,46,Male,Davao
1472,2025-04-23T19:08:10,496.47,57,Male,Makati
1020,2025-04-24T08:49:06,611.43,41,Male,Quezon City
1926,2025-04-24T10:04:05,217.23,39,Female,Davao
567,2025-04-24T10:36:06,881.26,20,Female,Davao
114,2025-04-24T10:38:08,1226.42,61,Male,Cebu
869,2025-04-24T12:43:46,944.63,39,Female,Baguio
416,2025-04-24T13:29:11,1167.94,49,Female,Quezon City
718,2025-04-24T13:44:28,399.55,60,Female,Manila
1322,2025-04-24T14:26:24,1818.26,59,Female,Baguio
1171,2025-04-24T14:31:08,39.72,52,Male,Quezon City
1624,2025-04-24T14:31:57,313.38,20,Male,Pasig
265,2025-04-24T15:56:26,1180.68,49,Male,Makati
1473,2025-04-24T17:12:54,210.71,27,Female,Baguio
1775,2025-04-24T22:43:53,952.6,50,Male,Quezon City
568,2025-04-25T06:01:24,820.07,19,Female,Manila
870,2025-04-25T06:58:10,1504.75,28,Female,Cebu
1323,2025-04-25T07:18:31,1267.33,22,Female,Baguio
266,2025-04-25T09:08:10,357.14,21,Female,Davao
1776,2025-04-25T13:15:32,844.46,25,Female,Cebu
719,2025-04-25T14:19:51,1169.45,27,Female,Quezon City
1625,2025-04-25T14:59:58,804.54,59,Female,Davao
1021,2025-04-25T17:27:43,1384.19,57,Female,Baguio
115,2025-04-25T17:35:50,322.75,31,Female,Cebu
1474,2025-04-25T18:10:10,705.65,40,Female,Cebu
417,2025-04-25T18:23:41,916.4,31,Male,Manila
1927,2025-04-25T18:39:40,1407.63,42,Female,Iloilo
1172,2025-04-25T22:26:58,1150.79,18,Male,Manila
1324,2025-04-26T09:33:31,619.53,59,Female,Pasig
418,2025-04-26T10:06:15,611.49,31,Female,Cebu
569,2025-04-26T10:10:26,1057.2,49,Female,Manila
871,2025-04-26T11:19:09,778.68,20,Female,Manila
267,2025-04-26T13:00:24,460.1,30,Female,Pasig
1777,2025-04-26T13:54:23,449.44,22,Male,Baguio
1626,2025-04-26T14:14:32,13.21,29,Male,Baguio
1173,2025-04-26T16:47:32,151.02,49,Female,Pasig
1928,2025-04-26T17:03:42,683.81,54,Male,Baguio
1022,2025-04-26T17:13:47,1308.29,40,Male,Iloilo
116,2025-04-26T20:10:44,357.42,50,Male,Baguio
720,2025-04-26T20:59:24,764.44,64,Male,Quezon City
1475,2025-04-26T21:36:55,490.89,51,Male,Quezon City
268,2025-04-27T06:52:15,981.63,27,Female,Davao
721,2025-04-27T07:32:57,73.2,54,Male,Manila
1174,2025-04-27T07:52:03,461.43,49,Female,Makati
570,2025-04-27T11:23:09,838.19,35,Male,Pasig
419,2025-04-27T13:35:35,970.37,39,Female,Makati
872,2025-04-27T13:58:44,1141.23,37,Male,Davao
1778,2025-04-27T14:21:21,100.45,29,Male,Baguio
1023,2025-04-27T16:09:35,115.72,19,Female,Davao
117,2025-04-27T17:25:03,782.74,55,Female,Cebu
1929,2025-04-27T17:56:16,315.92,46,Female,Iloilo
1476,2025-04-27T18:56:37,482.66,55,Female,Pasig
1627,2025-04-27T22:09:31,1730.28,46,Female,Davao
1325,2025-04-27T22:26:23,104.69,43,Female,Quezon City
1930,2025-04-28T06:41:29,717.44,22,Male,Pasig
1175,2025-04-28T06:51:41,1407.22,27,Female,Makati
1477,2025-04-28T07:04:28,416.95,37,Male,Davao
873,2025-04-28T09:50:02,314.67,64,Male,Makati
571,2025-04-28T10:32:55,357.84,26,Male,Davao
1326,2025-04-28T11:04:28,1282.96,65,Male,Manila
1628,2025-04-28T15:36:30,758.93,42,Female,Quezon City
118,2025-04-28T16:39:54,678.42,43,Female,Cebu
1024,2025-04-28T17:27:25,1074.52,31,Male,Makati
722,2025-04-28T17:29:34,547.23,42,Male,Baguio
1779,2025-04-28T18:07:11,403.1,28,Female,Quezon City
420,2025-04-28T19:23:48,494.55,51,Male,Baguio
269,2025-04-28T20:08:40,765.86,37,Female,Quezon City
874,2025-04-29T06:08:21,1033.89,39,Female,Cebu
1025,2025-04-29T07:10:46,573.25,36,Male,Makati
421,2025-04-29T07:32:37,187.74,44,Male,Baguio
572,2025-04-29T07:51:54,966.51,36,Female,Cebu
270,2025-04-29T10:19:59,629.45,60,Female,Pasig
1780,2025-04-29T10:20:34,222.17,25,Male,Davao
1176,2025-04-29T11:12:30,872.21,35,Female,Manila
1931,2025-04-29T12:03:28,986.16,49,Male,Iloilo
1629,2025-04-29T18:52:58,1458.34,55,Female,Pasig
1327,2025-04-29T19:13:14,378.42,20,Female,Manila
119,2025-04-29T21:45:49,611.56,20,Female,Iloilo
723,2025-04-29T22:07:18,768.29,46,Male,Manila
1478,2025-04-29T22:24:08,363.78,34,Male,Cebu
1630,2025-04-30T07:08:19,134.86,24,Female,Davao
1932,2025-04-30T13:02:45,858.27,53,Male,Iloilo
724,2025-04-30T13:33:27,255.54,45,Female,Cebu
573,2025-04-30T13:55:00,1321.11,24,Female,Cebu
1328,2025-04-30T14:14:14,1260.27,31,Female,Iloilo
1026,2025-04-30T14:21:44,867.87,34,Male,Davao
875,2025-04-30T14:32:17,477.3,49,Male,Makati
1781,2025-04-30T15:45:16,206.96,61,Female,Quezon City
1177,2025-04-30T15:58:37,79.16,37,Male,Pasig
422,2025-04-30T17:11:48,424.56,28,Male,Makati
120,2025-04-30T17:50:32,163.37,65,Female,Davao
1479,2025-04-30T21:22:10,341.5,50,Male,Cebu
271,2025-04-30T22:18:21,549.05,45,Male,Baguio
1933,2025-05-01T06:21:57,655.67,44,Male,Baguio
423,2025-05-01T08:02:29,764.71,52,Male,Manila
1782,2025-05-01T08:19:31,256.57,40,Female,Cebu
1178,2025-05-01T08:26:33,116.89,54,Male,Cebu
1329,2025-05-01T09:32:05,1598.37,51,Male,Makati
876,2025-05-01T09:40:19,1449.27,35,Male,Cebu
574,2025-05-01T12:21:36,1131.9,29,Male,Baguio
1631,2025-05-01T13:01:35,510.09,21,Male,Makati
272,2025-05-01T15:08:35,933.52,28,Male,Makati
1027,2025-05-01T15:09:52,171.14,55,Male,Quezon City
1480,2025-05-01T17:08:49,288.08,32,Female,Davao
725,2025-05-01T17:16:12,801.1,55,Female,Quezon City
121,2025-05-01T21:35:05,1634.56,29,Female,Davao
273,2025-05-02T07:43:37,587.07,51,Female,Quezon City
122,2025-05-02T09:18:40,1144.0,42,Female,Davao
424,2025-05-02T11:13:34,983.49,59,Male,Makati
1632,2025-05-02T11:38:13,475.23,19,Female,Quezon City
877,2025-05-02T12:59:28,1003.01,32,Male,Davao
726,2025-05-02T13:15:24,619.52,29,Female,Manila
1330,2025-05-02T14:27:37,341.24,65,Female,Cebu
1028,2025-05-02T15:49:30,752.44,60,Male,Quezon City
1934,2025-05-02T19:20:22,325.89,57,Male,Quezon City
575,2025-05-02T19:25:50,1091.45,29,Male,Baguio
1481,2025-05-02T20:27:45,434.13,28,Male,Baguio
1179,2025-05-02T21:34:27,366.12,53,Female,Pasig
1783,2025-05-02T22:31:25,1218.27,19,Male,Makati
1029,2025-05-03T07:21:58,634.93,18,Female,Cebu
1180,2025-05-03T09:25:33,971.31,39,Male,Pasig
1935,2025-05-03T09:45:07,354.21,41,Male,Makati
1331,2025-05-03T11:32:30,69.52,39,Female,Davao
727,2025-05-03T12:31:18,1393.19,22,Female,Baguio
1784,2025-05-03T12:41:05,1373.6,23,Female,Cebu
123,2025-05-03T13:07:38,771.91,28,Male,Makati
425,2025-05-03T15:40:24,1273.91,65,Male,Makati
274,2025-05-03T19:07:53,56.88,44,Female,Iloilo
576,2025-05-03T19:17:17,1520.63,24,Female,Quezon City
878,2025-05-03T19:41:58,1370.59,38,Female,Iloilo
1633,2025-05-03T20:25:28,1565.96,36,Female,Davao
1482,2025-05-03T21:06:24,59.22,44,Male,Baguio
1785,2025-05-04T11:08:30,344.61,54,Male,Baguio
728,2025-05-04T11:22:44,565.68,42,Female,Manila
275,2025-05-04T13:01:26,223.52,20,Female,Manila
1332,2025-05-04T13:07:18,218.9,53,Male,Cebu
879,2025-05-04T13:29:42,943.36,45,Female,Pasig
1030,2025-05-04T13:40:49,1415.18,30,Female,Manila
1634,2025-05-04T14:31:43,373.5,60,Female,Makati
426,2025-05-04T15:11:52,975.71,25,Female,Pasig
577,2025-05-04T17:06:15,1013.29,57,Male,Manila
1181,2025-05-04T17:13:40,222.45,46,Male,Iloilo
1936,2025-05-04T17:42:54,637.4,46,Male,Cebu
124,2025-05-04T17:57:38,83.17,21,Female,Iloilo
1483,2025-05-04T18:13:55,355.6,62,Male,Davao
578,2025-05-05T08:35:14,1441.6,45,Female,Cebu
729,2025-05-05T09:03:27,1226.05,52,Male,Baguio
1484,2025-05-05T09:25:28,540.94,65,Male,Manila
1786,2025-05-05T10:35:20,298.89,50,Female,Baguio
1937,2025-05-05T12:59:58,376.26,37,Male,Quezon City
1333,2025-05-05T13:51:25,905.69,56,Female,Makati
1031,2025-05-05T15:01:30,521.67,39,Male,Makati
1182,2025-05-05T16:12:21,1203.54,27,Male,Davao
1635,2025-05-05T16:40:35,388.39,65,Female,Iloilo
880,2025-05-05T17:03:35,123.25,20,Female,Cebu
427,2025-05-05T21:09:53,329.41,39,Female,Iloilo
125,2025-05-05T22:15:04,721.02,53,Female,Cebu
276,2025-05-05T22:54:19,334.2,28,Male,Baguio
881,2025-05-06T06:02:17,117.18,53,Male,Davao
1938,2025-05-06T06:16:00,42.86,31,Female,Baguio
1485,2025-05-06T06:27:37,485.52,39,Male,Cebu
579,2025-05-06T06:44:30,323.28,46,Female,Makati
126,2025-05-06T10:41:22,1169.3,55,Female,Quezon City
1334,2025-05-06T15:25:53,398.05,28,Female,Makati
1636,2025-05-06T16:29:03,289.34,50,Female,Manila
1183,2025-05-06T17:42:13,597.24,63,Female,Manila
428,2025-05-06T18:20:18,2039.75,31,Female,Davao
1787,2025-05-06T18:47:15,889.77,21,Female,Makati
730,2025-05-06T19:00:15,1100.98,55,Female,Manila
277,2025-05-06T21:54:49,315.25,48,Female,Iloilo
1032,2025-05-06T22:28:30,454.77,38,Male,Pasig
1637,2025-05-07T06:22:44,1327.19,57,Female,Davao
731,2025-05-07T10:12:34,950.88,47,Female,Cebu
1184,2025-05-07T11:58:43,1289.21,24,Male,Manila
127,2025-05-07T12:05:31,349.35,44,Female,Makati
429,2025-05-07T15:04:17,476.92,52,Female,Cebu
882,2025-05-07T15:17:19,626.49,56,Female,Baguio
278,2025-05-07T16:11:41,696.02,25,Female,Baguio
1939,2025-05-07T17:12:31,893.44,24,Female,Baguio
1335,2025-05-07T17:19:23,442.95,29,Female,Pasig
1788,2025-05-07T19:31:54,1473.22,57,Female,Baguio
1033,2025-05-07T19:35:58,380.34,27,Female,Iloilo
1486,2025-05-07T19:49:48,787.36,39,Female,Cebu
580,2025-05-07T21:29:20,71.96,18,Male,Quezon City
883,2025-05-08T06:38:42,1171.88,58,Female,Pasig
430,2025-05-08T08:19:41,295.66,35,Male,Cebu
1638,2025-05-08T09:34:35,658.05,41,Male,Cebu
1487,2025-05-08T09:49:37,484.26,56,Male,Davao
1185,2025-05-08T09:58:17,1007.2,32,Female,Baguio
1336,2025-05-08T12:12:54,103.19,43,Male,Iloilo
128,2025-05-08T17:33:04,960.99,29,Female,Davao
1940,2025-05-08T18:17:07,1107.07,52,Female,Pasig
732,2025-05-08T19:12:27,162.76,28,Female,Baguio
581,2025-05-08T20:12:44,928.01,58,Male,Quezon City
1034,2025-05-08T20:33:11,430.01,18,Female,Manila
1789,2025-05-08T20:35:36,875.82,37,Female,Makati
279,2025-05-08T22:22:08,156.29,51,Female,Makati
1941,2025-05-09T06:04:50,1201.68,47,Female,Manila
129,2025-05-09T06:49:30,1025.32,41,Male,Cebu
431,2025-05-09T08:55:59,589.73,37,Male,Makati
582,2025-05-09T09:25:14,945.88,25,Male,Pasig
280,2025-05-09T11:33:18,117.74,58,Female,Quezon City
884,2025-05-09T13:53:51,1108.73,49,Male,Pasig
1186,2025-05-09T14:22:10,555.72,54,Male,Quezon City
733,2025-05-09T15:54:11,657.85,35,Female,Pasig
1790,2025-05-09T16:57:53,882.33,54,Male,Makati
1488,2025-05-09T18:07:38,1178.7,40,Male,Iloilo
1337,2025-05-09T18:20:31,161.24,47,Female,Quezon City
1639,2025-05-09T22:21:32,583.28,41,Male,Cebu
1035,2025-05-09T22:44:12,1258.65,29,Male,Iloilo
1640,2025-05-10T07:02:21,593.91,36,Male,Davao
281,2025-05-10T08:45:58,589.11,20,Female,Makati
1187,2025-05-10T08:49:55,1531.44,63,Male,Manila
1489,2025-05-10T10:50:16,1423.7,43,Male,Manila
1338,2025-05-10T11:35:17,265.96,36,Female,Pasig
583,2025-05-10T13:09:45,1144.27,20,Male,Baguio
1791,2025-05-10T13:48:41,616.62,28,Male,Makati
1942,2025-05-10T15:32:44,1225.44,21,Male,Davao
734,2025-05-10T18:08:21,492.9,50,Male,Iloilo
885,2025-05-10T19:23:04,488.36,38,Male,Makati
130,2025-05-10T19:25:09,62.02,30,Female,Davao
432,2025-05-10T19:29:38,531.21,44,Male,Makati
1036,2025-05-10T21:47:41,768.47,32,Male,Quezon City
584,2025-05-11T07:51:35,631.79,43,Female,Iloilo
1490,2025-05-11T09:10:32,833.07,43,Female,Baguio
1188,2025-05-11T10:51:18,180.66,52,Male,Manila
886,2025-05-11T11:01:01,626.8,50,Female,Manila
735,2025-05-11T14:12:30,918.0,55,Male,Iloilo
433,2025-05-11T15:21:45,358.16,28,Male,Davao
1339,2025-05-11T16:09:14,794.73,55,Female,Baguio
282,2025-05-11T18:45:33,335.86,25,Female,Manila
1943,2025-05-11T19:29:00,981.04,32,Female,Davao
1792,2025-05-11T20:29:11,676.03,59,Female,Pasig
1037,2025-05-11T21:57:45,472.95,34,Female,Iloilo
131,2025-05-11T22:04:59,305.38,48,Female,Davao
1641,2025-05-11T22:57:18,1282.2,34,Female,Pasig
434,2025-05-12T06:05:56,35.55,40,Female,Quezon City
1038,2025-05-12T06:46:02,528.27,38,Female,Baguio
132,2025-05-12T07:06:02,1574.2,64,Male,Davao
1793,2025-05-12T11:57:43,565.69,30,Female,Manila
887,2025-05-12T14:01:31,1025.28,33,Male,Makati
1189,2025-05-12T14:42:23,1389.89,29,Male,Pasig
1340,2025-05-12T18:15:20,421.98,21,Female,Makati
585,2025-05-12T18:53:51,777.97,61,Male,Davao
1491,2025-05-12T18:54:17,466.71,25,Male,Pasig
736,2025-05-12T19:15:47,316.33,25,Male,Cebu
1944,2025-05-12T20:02:01,904.5,54,Female,Makati
283,2025-05-12T21:07:19,786.89,18,Female,Cebu
1642,2025-05-12T21:23:35,964.41,60,Female,Iloilo
1190,2025-05-13T08:35:09,573.69,42,Male,Makati
888,2025-05-13T08:44:47,1207.68,20,Male,Cebu
435,2025-05-13T10:57:00,686.53,44,Male,Iloilo
1643,2025-05-13T12:07:07,344.76,61,Male,Pasig
1794,2025-05-13T14:54:05,333.84,42,Male,Pasig
133,2025-05-13T15:06:32,1045.08,65,Male,Baguio
737,2025-05-13T16:28:05,1131.74,56,Male,Baguio
1039,2025-05-13T16:35:43,397.28,54,Female,Cebu
1341,2025-05-13T16:43:52,277.68,37,Female,Pasig
1492,2025-05-13T17:26:23,387.67,32,Female,Davao
1945,2025-05-13T17:31:25,1162.41,29,Female,Manila
586,2025-05-13T18:41:22,1052.12,64,Male,Davao
284,2025-05-13T19:51:40,1245.85,65,Male,Davao
738,2025-05-14T06:06:25,898.41,22,Male,Cebu
1795,2025-05-14T07:54:48,1390.55,33,Female,Baguio
587,2025-05-14T09:08:11,44.69,27,Female,Makati
1342,2025-05-14T12:11:33,2503.52,20,Female,Baguio
134,2025-05-14T14:16:37,42.04,43,Female,Manila
1644,2025-05-14T15:42:35,195.72,39,Female,Makati
1040,2025-05-14T16:06:29,693.64,27,Male,Baguio
1191,2025-05-14T16:37:43,246.07,49,Female,Cebu
1946,2025-05-14T19:02:14,314.55,33,Male,Iloilo
285,2025-05-14T20:16:01,641.28,63,Male,Davao
1493,2025-05-14T21:02:32,734.36,42,Male,Iloilo
889,2025-05-14T22:07:44,100.41,23,Male,Pasig
436,2025-05-14T22:40:47,659.48,35,Female,Makati
890,2025-05-15T07:10:21,817.76,41,Female,Manila
1041,2025-05-15T09:50:39,824.49,31,Male,Iloilo
1947,2025-05-15T14:50:18,1219.53,61,Male,Iloilo
135,2025-05-15T14:57:14,682.06,53,Female,Makati
1192,2025-05-15T15:40:09,1163.22,29,Male,Quezon City
1645,2025-05-15T16:54:55,890.83,41,Female,Pasig
1343,2025-05-15T17:28:27,1117.53,65,Female,Baguio
1796,2025-05-15T17:43:31,965.86,45,Female,Manila
1494,2025-05-15T18:01:05,239.12,31,Female,Baguio
588,2025-05-15T18:35:55,275.56,65,Male,Manila
286,2025-05-15T18:55:47,417.9,64,Male,Iloilo
437,2025-05-15T19:20:00,188.3,43,Female,Manila
739,2025-05-15T20:10:48,279.81,61,Male,Baguio
1042,2025-05-16T07:15:37,298.49,57,Male,Pasig
1495,2025-05-16T07:47:11,518.51,29,Male,Iloilo
1797,2025-05-16T10:12:39,184.14,45,Female,Manila
1646,2025-05-16T10:42:38,684.64,47,Male,Davao
1344,2025-05-16T12:29:27,1091.24,32,Female,Cebu
287,2025-05-16T14:55:39,639.1,23,Female,Quezon City
1193,2025-05-16T16:32:57,378.09,49,Male,Davao
740,2025-05-16T18:16:36,733.46,52,Male,Baguio
589,2025-05-16T18:34:39,260.3,45,Female,Davao
891,2025-05-16T20:01:10,173.84,39,Male,Iloilo
438,2025-05-16T20:43:43,1289.5,28,Male,Quezon City
136,2025-05-16T21:49:25,949.79,25,Male,Davao
1948,2025-05-16T22:08:55,737.15,38,Female,Baguio
137,2025-05-17T10:20:42,190.29,41,Female,Pasig
439,2025-05-17T10:21:36,1363.03,50,Female,Davao
288,2025-05-17T10:25:08,520.68,19,Female,Pasig
1798,2025-05-17T12:01:16,338.73,39,Female,Baguio
1647,2025-05-17T12:46:03,379.56,42,Male,Quezon City
1043,2025-05-17T14:14:30,353.88,24,Female,Manila
1949,2025-05-17T14:46:09,1045.9,25,Male,Baguio
1194,2025-05-17T16:05:58,108.6,43,Male,Makati
892,2025-05-17T18:58:10,567.51,41,Male,Quezon City
1496,2025-05-17T19:24:26,322.04,63,Male,Iloilo
590,2025-05-17T20:06:17,1128.71,21,Male,Manila
741,2025-05-17T20:58:23,130.88,65,Female,Cebu
1345,2025-05-17T22:19:02,1413.17,44,Male,Iloilo
591,2025-05-18T06:13:16,417.21,53,Male,Pasig
1497,2025-05-18T08:39:01,1176.05,32,Female,Iloilo
742,2025-05-18T10:16:03,2128.6,60,Male,Iloilo
1648,2025-05-18T10:53:54,247.06,39,Female,Manila
1799,2025-05-18T10:59:50,112.26,47,Female,Quezon City
893,2025-05-18T12:13:31,269.99,28,Male,Pasig
1950,2025-05-18T13:33:23,768.19,60,Male,Iloilo
138,2025-05-18T14:10:57,708.53,33,Female,Manila
1346,2025-05-18T14:29:14,922.43,46,Female,Makati
1195,2025-05-18T14:35:48,427.64,44,Male,Davao
1044,2025-05-18T16:40:15,262.07,28,Male,Baguio
440,2025-05-18T19:15:04,84.48,33,Male,Quezon City
289,2025-05-18T20:55:34,495.39,45,Male,Cebu
1800,2025-05-19T06:41:02,844.8,20,Female,Manila
1951,2025-05-19T06:47:31,534.65,26,Male,Makati
1498,2025-05-19T06:49:15,1137.67,49,Male,Baguio
1196,2025-05-19T07:30:59,441.39,61,Male,Iloilo
290,2025-05-19T07:50:36,471.39,28,Female,Cebu
743,2025-05-19T10:00:54,698.63,50,Female,Quezon City
1347,2025-05-19T11:36:27,850.18,51,Female,Baguio
1649,2025-05-19T12:55:53,379.92,39,Male,Quezon City
441,2025-05-19T17:39:48,668.54,34,Female,Davao
1045,2025-05-19T18:03:48,689.02,63,Female,Davao
894,2025-05-19T19:40:30,476.0,48,Male,Makati
139,2025-05-19T20:44:53,816.91,27,Male,Manila
592,2025-05-19T21:27:27,217.39,38,Male,Baguio
442,2025-05-20T10:37:00,488.85,58,Female,Quezon City
1499,2025-05-20T12:53:58,997.22,60,Male,Manila
1348,2025-05-20T14:09:38,1549.12,47,Male,Davao
1801,2025-05-20T14:23:02,277.41,42,Male,Manila
744,2025-05-20T14:43:28,515.7,57,Male,Makati
1952,2025-05-20T14:48:42,1285.57,53,Female,Baguio
1197,2025-05-20T15:54:42,625.82,36,Female,Pasig
895,2025-05-20T16:00:18,212.64,27,Female,Baguio
593,2025-05-20T18:13:03,1537.95,42,Male,Manila
1650,2025-05-20T18:34:16,823.77,62,Male,Makati
1046,2025-05-20T19:31:04,468.87,25,Male,Iloilo
291,2025-05-20T21:12:04,715.62,25,Female,Quezon City
140,2025-05-20T21:43:01,736.05,20,Female,Makati
594,2025-05-21T07:34:14,1644.03,45,Female,Manila
745,2025-05-21T07:36:22,1406.1,34,Male,Cebu
141,2025-05-21T08:42:51,718.84,46,Female,Davao
1651,2025-05-21T10:11:30,1661.68,65,Male,Cebu
443,2025-05-21T12:51:15,944.56,53,Male,Pasig
1953,2025-05-21T16:47:33,376.69,31,Male,Iloilo
1198,2025-05-21T18:45:22,633.72,38,Female,Davao
896,2025-05-21T18:58:11,1099.07,32,Female,Baguio
1047,2025-05-21T19:28:34,953.99,28,Female,Manila
292,2025-05-21T20:12:55,381.12,48,Female,Baguio
1802,2025-05-21T20:44:56,1108.68,44,Male,Makati
1500,2025-05-21T21:11:04,279.69,53,Female,Quezon City
1349,2025-05-21T22:24:01,1155.66,63,Male,Iloilo
1350,2025-05-22T07:23:54,378.27,23,Male,Manila
142,2025-05-22T09:20:10,1116.1,26,Female,Davao
1501,2025-05-22T11:21:50,380.0,65,Female,Quezon City
1652,2025-05-22T14:53:37,1335.53,63,Male,Manila
746,2025-05-22T16:55:00,918.57,31,Female,Quezon City
897,2025-05-22T18:42:37,918.76,20,Female,Makati
444,2025-05-22T18:45:46,908.04,36,Female,Pasig
595,2025-05-22T18:51:59,530.29,43,Male,Manila
1803,2025-05-22T19:22:37,1197.74,30,Female,Makati
293,2025-05-22T20:21:44,330.82,42,Male,Quezon City
1048,2025-05-22T20:45:58,161.0,46,Female,Baguio
1199,2025-05-22T21:00:29,1113.15,24,Male,Manila
1954,2025-05-22T22:22:32,180.06,37,Male,Baguio
445,2025-05-23T06:19:21,162.38,40,Male,Makati
1200,2025-05-23T06:39:02,835.57,50,Female,Pasig
747,2025-05-23T07:14:29,1124.61,29,Female,Manila
1804,2025-05-23T08:45:45,262.86,24,Female,Quezon City
596,2025-05-23T15:38:34,1737.62,63,Female,Manila
1049,2025-05-23T15:47:43,458.43,23,Male,Cebu
898,2025-05-23T15:57:20,1035.64,65,Male,Makati
1955,2025-05-23T16:19:53,302.57,21,Female,Iloilo
1502,2025-05-23T17:09:32,558.27,54,Female,Makati
1351,2025-05-23T17:16:23,384.12,27,Male,Iloilo
294,2025-05-23T18:30:03,1273.55,50,Female,Baguio
1653,2025-05-23T18:31:33,895.18,61,Male,Manila
143,2025-05-23T18:39:31,699.75,41,Male,Manila
446,2025-05-24T07:00:54,831.68,43,Female,Pasig
1956,2025-05-24T07:06:44,274.6,18,Female,Baguio
1805,2025-05-24T11:02:56,248.64,57,Female,Davao
899,2025-05-24T11:55:21,862.23,37,Male,Manila
748,2025-05-24T12:11:10,759.88,46,Female,Manila
1201,2025-05-24T13:28:55,138.66,18,Male,Iloilo
1503,2025-05-24T14:22:07,1043.62,24,Female,Pasig
1352,2025-05-24T15:19:36,1220.38,49,Female,Pasig
597,2025-05-24T15:31:06,19.66,49,Male,Pasig
1654,2025-05-24T17:06:35,379.8,23,Male,Cebu
295,2025-05-24T19:35:24,138.74,18,Male,Baguio
1050,2025-05-24T20:53:11,189.76,25,Male,Davao
144,2025-05-24T21:51:56,62.8,35,Female,Baguio
900,2025-05-25T07:24:17,810.66,46,Male,Makati
1202,2025-05-25T07:45:46,855.28,54,Male,Baguio
1051,2025-05-25T07:59:31,64.24,44,Male,Cebu
145,2025-05-25T10:57:23,370.91,36,Female,Manila
1504,2025-05-25T12:02:19,507.3,64,Female,Pasig
447,2025-05-25T15:24:18,1291.89,28,Female,Manila
598,2025-05-25T16:01:55,1453.96,35,Male,Cebu
1957,2025-05-25T18:48:13,375.8,55,Female,Pasig
296,2025-05-25T18:58:24,820.48,65,Female,Pasig
1806,2025-05-25T18:58:33,223.37,46,Female,Quezon City
749,2025-05-25T21:23:04,366.68,61,Male,Pasig
1353,2025-05-25T21:39:31,421.85,44,Male,Baguio
1655,2025-05-25T21:59:06,105.6,44,Male,Quezon City
1203,2025-05-26T09:44:13,1272.06,59,Male,Baguio
901,2025-05-26T11:27:11,421.82,47,Male,Cebu
1354,2025-05-26T12:32:14,1306.68,49,Female,Quezon City
599,2025-05-26T14:40:48,756.17,21,Female,Pasig
297,2025-05-26T15:04:58,829.03,18,Male,Iloilo
146,2025-05-26T16:01:45,514.28,51,Female,Pasig
448,2025-05-26T16:19:13,501.51,47,Female,Makati
1052,2025-05-26T17:08:20,1009.9,49,Male,Cebu
750,2025-05-26T17:30:40,1164.99,54,Female,Quezon City
1656,2025-05-26T18:10:32,307.69,41,Female,Davao
1505,2025-05-26T19:50:38,1285.59,28,Female,Cebu
1807,2025-05-26T21:05:54,784.97,43,Male,Davao
1958,2025-05-26T22:46:08,1349.99,48,Male,Cebu
1506,2025-05-27T06:46:44,493.99,34,Female,Baguio
751,2025-05-27T09:24:16,996.47,19,Female,Quezon City
298,2025-05-27T12:07:06,1058.7,55,Female,Davao
1355,2025-05-27T12:39:33,95.13,46,Male,Pasig
1808,2025-05-27T12:41:41,358.17,60,Male,Manila
600,2025-05-27T15:13:05,687.67,50,Female,Pasig
147,2025-05-27T15:29:25,300.66,25,Female,Cebu
1204,2025-05-27T15:38:34,410.82,61,Female,Quezon City
449,2025-05-27T16:44:41,181.19,48,Male,Quezon City
1053,2025-05-27T18:32:02,1177.07,20,Male,Quezon City
1959,2025-05-27T19:29:25,631.5,27,Male,Manila
1657,2025-05-27T19:36:22,801.55,34,Male,Manila
902,2025-05-27T21:59:30,300.18,57,Male,Cebu
752,2025-05-28T06:25:17,699.96,40,Female,Baguio
601,2025-05-28T08:44:31,871.02,52,Female,Manila
1507,2025-05-28T09:34:34,537.22,46,Male,Makati
1205,2025-05-28T10:12:50,449.4,55,Male,Pasig
1960,2025-05-28T11:34:50,343.44,31,Male,Cebu
450,2025-05-28T12:12:14,662.43,27,Male,Baguio
299,2025-05-28T13:51:51,841.19,19,Male,Quezon City
1054,2025-05-28T13:54:49,184.68,24,Male,Quezon City
148,2025-05-28T14:06:50,100.53,19,Male,Makati
1658,2025-05-28T17:56:37,844.14,42,Male,Makati
1809,2025-05-28T20:56:48,337.96,48,Male,Cebu
1356,2025-05-28T21:15:29,995.28,57,Male,Manila
903,2025-05-28T22:00:13,472.5,38,Female,Quezon City
1810,2025-05-29T06:38:08,554.92,58,Male,Baguio
300,2025-05-29T08:21:56,394.85,41,Female,Makati
451,2025-05-29T08:44:14,926.5,47,Female,Iloilo
1357,2025-05-29T08:53:18,513.0,24,Female,Makati
1961,2025-05-29T10:09:20,391.78,25,Male,Manila
1508,2025-05-29T10:20:11,38.59,63,Female,Baguio
1206,2025-05-29T12:32:15,841.9,59,Male,Pasig
602,2025-05-29T13:14:57,227.82,60,Male,Cebu
149,2025-05-29T13:52:18,1001.91,65,Male,Iloilo
1659,2025-05-29T14:01:50,109.47,55,Male,Pasig
753,2025-05-29T17:03:14,769.8,61,Female,Pasig
904,2025-05-29T18:45:35,463.53,30,Female,Quezon City
1055,2025-05-29T22:03:36,599.52,28,Male,Manila
1056,2025-05-30T10:12:52,753.95,38,Male,Iloilo
1962,2025-05-30T12:57:29,1039.0,46,Female,Manila
150,2025-05-30T13:23:04,910.55,58,Female,Cebu
603,2025-05-30T13:49:46,978.36,24,Male,Makati
301,2025-05-30T16:13:21,1701.18,58,Female,Baguio
1207,2025-05-30T16:27:09,886.72,31,Female,Cebu
1660,2025-05-30T17:23:37,466.26,20,Female,Baguio
1811,2025-05-30T18:25:22,425.14,55,Male,Manila
905,2025-05-30T18:42:54,657.71,22,Male,Manila
1509,2025-05-30T19:09:03,177.48,50,Female,Davao
1358,2025-05-30T21:21:02,678.17,36,Male,Iloilo
452,2025-05-30T22:34:32,522.04,34,Female,Makati
754,2025-05-30T22:51:36,650.02,48,Male,Iloilo
604,2025-05-31T09:44:39,129.37,37,Male,Cebu
1359,2025-05-31T09:57:09,981.45,63,Female,Cebu
453,2025-05-31T10:09:13,52.81,43,Female,Davao
1510,2025-05-31T11:04:43,548.26,60,Male,Cebu
1963,2025-05-31T11:33:30,341.94,48,Male,Pasig
151,2025-05-31T11:42:00,322.14,63,Female,Makati
302,2025-05-31T14:01:20,176.98,48,Female,Makati
755,2025-05-31T14:04:54,810.31,22,Female,Makati
1057,2025-05-31T16:16:20,604.55,63,Male,Manila
1812,2025-05-31T17:17:44,1093.38,64,Male,Davao
906,2025-05-31T19:23:01,574.29,40,Female,Iloilo
1661,2025-05-31T20:33:52,711.3,30,Male,Pasig
1208,2025-05-31T20:43:49,89.02,52,Female,Davao
